canister_id,post_id,like_count,view_count
uazcm-4qaaa-aaaal-qexlq-cai,0,1,56
cn7ru-faaaa-aaaal-qeafq-cai,9,0,0
cn7ru-faaaa-aaaal-qeafq-cai,8,0,0
cn7ru-faaaa-aaaal-qeafq-cai,7,0,0
cn7ru-faaaa-aaaal-qeafq-cai,6,0,0
cn7ru-faaaa-aaaal-qeafq-cai,5,0,0
cn7ru-faaaa-aaaal-qeafq-cai,4,0,0
cn7ru-faaaa-aaaal-qeafq-cai,3,0,0
cn7ru-faaaa-aaaal-qeafq-cai,2,0,0
cn7ru-faaaa-aaaal-qeafq-cai,1,0,0
cn7ru-faaaa-aaaal-qeafq-cai,0,0,0
kqlcn-7qaaa-aaaal-qekaa-cai,20,0,0
kqlcn-7qaaa-aaaal-qekaa-cai,19,0,0
kqlcn-7qaaa-aaaal-qekaa-cai,18,0,0
kqlcn-7qaaa-aaaal-qekaa-cai,17,0,0
kqlcn-7qaaa-aaaal-qekaa-cai,16,0,0
kqlcn-7qaaa-aaaal-qekaa-cai,15,0,0
kqlcn-7qaaa-aaaal-qekaa-cai,14,0,0
kqlcn-7qaaa-aaaal-qekaa-cai,13,0,0
kqlcn-7qaaa-aaaal-qekaa-cai,12,0,0
kqlcn-7qaaa-aaaal-qekaa-cai,11,0,0
kqlcn-7qaaa-aaaal-qekaa-cai,10,0,0
kqlcn-7qaaa-aaaal-qekaa-cai,9,0,0
kqlcn-7qaaa-aaaal-qekaa-cai,8,0,0
kqlcn-7qaaa-aaaal-qekaa-cai,7,0,0
kqlcn-7qaaa-aaaal-qekaa-cai,6,0,0
kqlcn-7qaaa-aaaal-qekaa-cai,5,0,0
kqlcn-7qaaa-aaaal-qekaa-cai,4,0,0
kqlcn-7qaaa-aaaal-qekaa-cai,3,0,0
kqlcn-7qaaa-aaaal-qekaa-cai,2,0,0
kqlcn-7qaaa-aaaal-qekaa-cai,1,0,0
kqlcn-7qaaa-aaaal-qekaa-cai,0,0,0
3o3gd-uqaaa-aaaal-qecyq-cai,2,71,780
3o3gd-uqaaa-aaaal-qecyq-cai,1,63,589
3o3gd-uqaaa-aaaal-qecyq-cai,0,65,1028
g4kp7-baaaa-aaaal-qea5q-cai,0,3,50
dpsqi-gqaaa-aaaal-qeuxq-cai,2,0,0
dpsqi-gqaaa-aaaal-qeuxq-cai,1,0,0
dpsqi-gqaaa-aaaal-qeuxq-cai,0,0,0
ub3tk-cqaaa-aaaal-qdx6q-cai,0,0,3
5feew-iaaaa-aaaal-qe5ka-cai,188,2,105
5feew-iaaaa-aaaal-qe5ka-cai,187,1,146
5feew-iaaaa-aaaal-qe5ka-cai,186,0,30
5feew-iaaaa-aaaal-qe5ka-cai,185,0,16
5feew-iaaaa-aaaal-qe5ka-cai,184,0,48
5feew-iaaaa-aaaal-qe5ka-cai,183,0,131
5feew-iaaaa-aaaal-qe5ka-cai,182,0,125
5feew-iaaaa-aaaal-qe5ka-cai,181,0,49
5feew-iaaaa-aaaal-qe5ka-cai,180,0,46
5feew-iaaaa-aaaal-qe5ka-cai,179,0,37
5feew-iaaaa-aaaal-qe5ka-cai,178,0,0
5feew-iaaaa-aaaal-qe5ka-cai,177,0,24
5feew-iaaaa-aaaal-qe5ka-cai,176,0,26
5feew-iaaaa-aaaal-qe5ka-cai,175,0,26
5feew-iaaaa-aaaal-qe5ka-cai,174,0,82
5feew-iaaaa-aaaal-qe5ka-cai,173,0,26
5feew-iaaaa-aaaal-qe5ka-cai,172,0,21
5feew-iaaaa-aaaal-qe5ka-cai,171,0,66
5feew-iaaaa-aaaal-qe5ka-cai,170,0,28
5feew-iaaaa-aaaal-qe5ka-cai,169,0,72
5feew-iaaaa-aaaal-qe5ka-cai,168,0,20
5feew-iaaaa-aaaal-qe5ka-cai,167,0,21
5feew-iaaaa-aaaal-qe5ka-cai,166,1,78
5feew-iaaaa-aaaal-qe5ka-cai,165,0,32
5feew-iaaaa-aaaal-qe5ka-cai,164,0,6
5feew-iaaaa-aaaal-qe5ka-cai,163,0,14
5feew-iaaaa-aaaal-qe5ka-cai,162,0,6
5feew-iaaaa-aaaal-qe5ka-cai,161,0,7
5feew-iaaaa-aaaal-qe5ka-cai,160,0,0
5feew-iaaaa-aaaal-qe5ka-cai,159,0,4
5feew-iaaaa-aaaal-qe5ka-cai,158,0,3
5feew-iaaaa-aaaal-qe5ka-cai,157,0,3
5feew-iaaaa-aaaal-qe5ka-cai,156,0,3
5feew-iaaaa-aaaal-qe5ka-cai,155,0,5
5feew-iaaaa-aaaal-qe5ka-cai,154,0,10
5feew-iaaaa-aaaal-qe5ka-cai,153,0,8
5feew-iaaaa-aaaal-qe5ka-cai,152,0,4
5feew-iaaaa-aaaal-qe5ka-cai,151,0,2
5feew-iaaaa-aaaal-qe5ka-cai,150,0,2
5feew-iaaaa-aaaal-qe5ka-cai,149,0,4
5feew-iaaaa-aaaal-qe5ka-cai,148,0,3
5feew-iaaaa-aaaal-qe5ka-cai,147,7,284
5feew-iaaaa-aaaal-qe5ka-cai,146,0,29
5feew-iaaaa-aaaal-qe5ka-cai,145,0,4
5feew-iaaaa-aaaal-qe5ka-cai,144,1,64
5feew-iaaaa-aaaal-qe5ka-cai,143,0,2
5feew-iaaaa-aaaal-qe5ka-cai,142,0,1
5feew-iaaaa-aaaal-qe5ka-cai,141,0,1
5feew-iaaaa-aaaal-qe5ka-cai,140,0,1
5feew-iaaaa-aaaal-qe5ka-cai,139,0,1
5feew-iaaaa-aaaal-qe5ka-cai,138,0,1
5feew-iaaaa-aaaal-qe5ka-cai,137,0,1
5feew-iaaaa-aaaal-qe5ka-cai,136,0,1
5feew-iaaaa-aaaal-qe5ka-cai,135,0,0
5feew-iaaaa-aaaal-qe5ka-cai,134,0,1
5feew-iaaaa-aaaal-qe5ka-cai,133,0,6
5feew-iaaaa-aaaal-qe5ka-cai,132,0,2
5feew-iaaaa-aaaal-qe5ka-cai,131,0,1
5feew-iaaaa-aaaal-qe5ka-cai,130,0,1
5feew-iaaaa-aaaal-qe5ka-cai,129,1,18
5feew-iaaaa-aaaal-qe5ka-cai,128,0,2
5feew-iaaaa-aaaal-qe5ka-cai,127,0,1
5feew-iaaaa-aaaal-qe5ka-cai,126,0,1
5feew-iaaaa-aaaal-qe5ka-cai,125,0,3
5feew-iaaaa-aaaal-qe5ka-cai,124,0,2
5feew-iaaaa-aaaal-qe5ka-cai,123,0,1
5feew-iaaaa-aaaal-qe5ka-cai,122,0,1
5feew-iaaaa-aaaal-qe5ka-cai,121,0,1
5feew-iaaaa-aaaal-qe5ka-cai,120,0,2
5feew-iaaaa-aaaal-qe5ka-cai,119,0,3
5feew-iaaaa-aaaal-qe5ka-cai,118,0,2
5feew-iaaaa-aaaal-qe5ka-cai,117,0,5
5feew-iaaaa-aaaal-qe5ka-cai,116,0,1
5feew-iaaaa-aaaal-qe5ka-cai,115,0,1
5feew-iaaaa-aaaal-qe5ka-cai,114,0,3
5feew-iaaaa-aaaal-qe5ka-cai,113,0,1
5feew-iaaaa-aaaal-qe5ka-cai,112,0,1
5feew-iaaaa-aaaal-qe5ka-cai,111,0,1
5feew-iaaaa-aaaal-qe5ka-cai,110,0,1
5feew-iaaaa-aaaal-qe5ka-cai,109,0,8
5feew-iaaaa-aaaal-qe5ka-cai,108,0,1
5feew-iaaaa-aaaal-qe5ka-cai,107,0,1
5feew-iaaaa-aaaal-qe5ka-cai,106,0,1
5feew-iaaaa-aaaal-qe5ka-cai,105,0,1
5feew-iaaaa-aaaal-qe5ka-cai,104,0,1
5feew-iaaaa-aaaal-qe5ka-cai,103,0,1
5feew-iaaaa-aaaal-qe5ka-cai,102,0,9
5feew-iaaaa-aaaal-qe5ka-cai,101,0,3
5feew-iaaaa-aaaal-qe5ka-cai,100,0,1
5feew-iaaaa-aaaal-qe5ka-cai,99,0,1
5feew-iaaaa-aaaal-qe5ka-cai,98,0,1
5feew-iaaaa-aaaal-qe5ka-cai,97,0,1
5feew-iaaaa-aaaal-qe5ka-cai,96,0,1
5feew-iaaaa-aaaal-qe5ka-cai,95,0,1
5feew-iaaaa-aaaal-qe5ka-cai,94,0,1
5feew-iaaaa-aaaal-qe5ka-cai,93,0,1
5feew-iaaaa-aaaal-qe5ka-cai,92,0,1
5feew-iaaaa-aaaal-qe5ka-cai,91,0,1
5feew-iaaaa-aaaal-qe5ka-cai,90,0,1
5feew-iaaaa-aaaal-qe5ka-cai,89,0,1
5feew-iaaaa-aaaal-qe5ka-cai,88,0,1
5feew-iaaaa-aaaal-qe5ka-cai,87,0,1
5feew-iaaaa-aaaal-qe5ka-cai,86,0,1
5feew-iaaaa-aaaal-qe5ka-cai,85,0,1
5feew-iaaaa-aaaal-qe5ka-cai,84,0,1
5feew-iaaaa-aaaal-qe5ka-cai,83,0,1
5feew-iaaaa-aaaal-qe5ka-cai,82,0,2
5feew-iaaaa-aaaal-qe5ka-cai,81,0,2
5feew-iaaaa-aaaal-qe5ka-cai,80,0,1
5feew-iaaaa-aaaal-qe5ka-cai,79,0,1
5feew-iaaaa-aaaal-qe5ka-cai,78,0,1
5feew-iaaaa-aaaal-qe5ka-cai,77,0,1
5feew-iaaaa-aaaal-qe5ka-cai,76,0,1
5feew-iaaaa-aaaal-qe5ka-cai,75,0,1
5feew-iaaaa-aaaal-qe5ka-cai,74,0,0
5feew-iaaaa-aaaal-qe5ka-cai,73,0,0
5feew-iaaaa-aaaal-qe5ka-cai,72,0,0
5feew-iaaaa-aaaal-qe5ka-cai,71,0,0
5feew-iaaaa-aaaal-qe5ka-cai,70,0,0
5feew-iaaaa-aaaal-qe5ka-cai,69,0,0
5feew-iaaaa-aaaal-qe5ka-cai,68,0,0
5feew-iaaaa-aaaal-qe5ka-cai,67,0,0
5feew-iaaaa-aaaal-qe5ka-cai,66,0,0
5feew-iaaaa-aaaal-qe5ka-cai,65,0,0
5feew-iaaaa-aaaal-qe5ka-cai,64,0,0
5feew-iaaaa-aaaal-qe5ka-cai,63,0,0
5feew-iaaaa-aaaal-qe5ka-cai,62,0,0
5feew-iaaaa-aaaal-qe5ka-cai,61,0,0
5feew-iaaaa-aaaal-qe5ka-cai,60,0,0
5feew-iaaaa-aaaal-qe5ka-cai,59,0,0
5feew-iaaaa-aaaal-qe5ka-cai,58,0,0
5feew-iaaaa-aaaal-qe5ka-cai,57,0,0
5feew-iaaaa-aaaal-qe5ka-cai,56,0,0
5feew-iaaaa-aaaal-qe5ka-cai,55,0,0
5feew-iaaaa-aaaal-qe5ka-cai,54,0,0
5feew-iaaaa-aaaal-qe5ka-cai,53,0,0
5feew-iaaaa-aaaal-qe5ka-cai,52,0,0
5feew-iaaaa-aaaal-qe5ka-cai,51,0,0
5feew-iaaaa-aaaal-qe5ka-cai,50,0,0
5feew-iaaaa-aaaal-qe5ka-cai,49,0,0
5feew-iaaaa-aaaal-qe5ka-cai,48,0,0
5feew-iaaaa-aaaal-qe5ka-cai,47,0,0
5feew-iaaaa-aaaal-qe5ka-cai,46,0,0
5feew-iaaaa-aaaal-qe5ka-cai,45,0,0
5feew-iaaaa-aaaal-qe5ka-cai,44,0,0
5feew-iaaaa-aaaal-qe5ka-cai,43,0,0
5feew-iaaaa-aaaal-qe5ka-cai,42,0,0
5feew-iaaaa-aaaal-qe5ka-cai,41,0,0
5feew-iaaaa-aaaal-qe5ka-cai,40,0,0
5feew-iaaaa-aaaal-qe5ka-cai,39,0,0
5feew-iaaaa-aaaal-qe5ka-cai,38,0,0
5feew-iaaaa-aaaal-qe5ka-cai,37,0,0
5feew-iaaaa-aaaal-qe5ka-cai,36,0,0
5feew-iaaaa-aaaal-qe5ka-cai,35,0,0
5feew-iaaaa-aaaal-qe5ka-cai,34,0,0
5feew-iaaaa-aaaal-qe5ka-cai,33,0,0
5feew-iaaaa-aaaal-qe5ka-cai,32,0,0
5feew-iaaaa-aaaal-qe5ka-cai,31,0,0
5feew-iaaaa-aaaal-qe5ka-cai,30,0,0
5feew-iaaaa-aaaal-qe5ka-cai,29,0,0
5feew-iaaaa-aaaal-qe5ka-cai,28,0,0
5feew-iaaaa-aaaal-qe5ka-cai,27,0,0
5feew-iaaaa-aaaal-qe5ka-cai,26,0,0
5feew-iaaaa-aaaal-qe5ka-cai,25,0,0
5feew-iaaaa-aaaal-qe5ka-cai,24,0,0
5feew-iaaaa-aaaal-qe5ka-cai,23,0,0
5feew-iaaaa-aaaal-qe5ka-cai,22,0,0
5feew-iaaaa-aaaal-qe5ka-cai,21,0,0
5feew-iaaaa-aaaal-qe5ka-cai,20,0,0
5feew-iaaaa-aaaal-qe5ka-cai,19,0,0
5feew-iaaaa-aaaal-qe5ka-cai,18,0,0
5feew-iaaaa-aaaal-qe5ka-cai,17,0,0
5feew-iaaaa-aaaal-qe5ka-cai,16,0,0
5feew-iaaaa-aaaal-qe5ka-cai,15,0,0
5feew-iaaaa-aaaal-qe5ka-cai,14,0,0
5feew-iaaaa-aaaal-qe5ka-cai,13,0,0
5feew-iaaaa-aaaal-qe5ka-cai,12,0,0
5feew-iaaaa-aaaal-qe5ka-cai,11,0,0
5feew-iaaaa-aaaal-qe5ka-cai,10,0,0
5feew-iaaaa-aaaal-qe5ka-cai,9,0,0
5feew-iaaaa-aaaal-qe5ka-cai,8,0,0
5feew-iaaaa-aaaal-qe5ka-cai,7,0,0
5feew-iaaaa-aaaal-qe5ka-cai,6,0,0
5feew-iaaaa-aaaal-qe5ka-cai,5,0,0
5feew-iaaaa-aaaal-qe5ka-cai,4,0,0
5feew-iaaaa-aaaal-qe5ka-cai,3,0,0
5feew-iaaaa-aaaal-qe5ka-cai,2,0,0
5feew-iaaaa-aaaal-qe5ka-cai,1,0,0
5feew-iaaaa-aaaal-qe5ka-cai,0,0,0
pdfgr-fqaaa-aaaal-qigdq-cai,0,0,0
dxvyr-lyaaa-aaaal-qdyma-cai,26,0,0
dxvyr-lyaaa-aaaal-qdyma-cai,25,0,0
dxvyr-lyaaa-aaaal-qdyma-cai,24,0,0
dxvyr-lyaaa-aaaal-qdyma-cai,23,0,0
dxvyr-lyaaa-aaaal-qdyma-cai,22,0,0
dxvyr-lyaaa-aaaal-qdyma-cai,21,0,0
dxvyr-lyaaa-aaaal-qdyma-cai,20,0,0
dxvyr-lyaaa-aaaal-qdyma-cai,19,0,0
dxvyr-lyaaa-aaaal-qdyma-cai,18,0,0
dxvyr-lyaaa-aaaal-qdyma-cai,17,0,0
dxvyr-lyaaa-aaaal-qdyma-cai,16,0,0
dxvyr-lyaaa-aaaal-qdyma-cai,15,0,0
dxvyr-lyaaa-aaaal-qdyma-cai,14,0,0
dxvyr-lyaaa-aaaal-qdyma-cai,13,0,0
dxvyr-lyaaa-aaaal-qdyma-cai,12,0,0
dxvyr-lyaaa-aaaal-qdyma-cai,11,0,0
dxvyr-lyaaa-aaaal-qdyma-cai,10,0,0
dxvyr-lyaaa-aaaal-qdyma-cai,9,0,0
dxvyr-lyaaa-aaaal-qdyma-cai,8,0,0
dxvyr-lyaaa-aaaal-qdyma-cai,7,0,0
dxvyr-lyaaa-aaaal-qdyma-cai,6,0,0
dxvyr-lyaaa-aaaal-qdyma-cai,5,0,0
dxvyr-lyaaa-aaaal-qdyma-cai,4,0,0
dxvyr-lyaaa-aaaal-qdyma-cai,3,0,0
dxvyr-lyaaa-aaaal-qdyma-cai,2,0,0
dxvyr-lyaaa-aaaal-qdyma-cai,1,0,0
dxvyr-lyaaa-aaaal-qdyma-cai,0,0,0
cb5zg-xaaaa-aaaal-qemiq-cai,37,0,0
cb5zg-xaaaa-aaaal-qemiq-cai,36,0,0
cb5zg-xaaaa-aaaal-qemiq-cai,35,0,0
cb5zg-xaaaa-aaaal-qemiq-cai,34,0,0
cb5zg-xaaaa-aaaal-qemiq-cai,33,0,0
cb5zg-xaaaa-aaaal-qemiq-cai,32,0,0
cb5zg-xaaaa-aaaal-qemiq-cai,31,0,0
cb5zg-xaaaa-aaaal-qemiq-cai,30,0,0
cb5zg-xaaaa-aaaal-qemiq-cai,29,0,0
cb5zg-xaaaa-aaaal-qemiq-cai,28,0,0
cb5zg-xaaaa-aaaal-qemiq-cai,27,0,0
cb5zg-xaaaa-aaaal-qemiq-cai,26,0,0
cb5zg-xaaaa-aaaal-qemiq-cai,25,0,0
cb5zg-xaaaa-aaaal-qemiq-cai,24,0,0
cb5zg-xaaaa-aaaal-qemiq-cai,23,0,0
cb5zg-xaaaa-aaaal-qemiq-cai,22,0,0
cb5zg-xaaaa-aaaal-qemiq-cai,21,0,0
cb5zg-xaaaa-aaaal-qemiq-cai,20,0,0
cb5zg-xaaaa-aaaal-qemiq-cai,19,0,0
cb5zg-xaaaa-aaaal-qemiq-cai,18,0,0
cb5zg-xaaaa-aaaal-qemiq-cai,17,0,0
cb5zg-xaaaa-aaaal-qemiq-cai,16,0,0
cb5zg-xaaaa-aaaal-qemiq-cai,15,0,0
cb5zg-xaaaa-aaaal-qemiq-cai,14,0,0
cb5zg-xaaaa-aaaal-qemiq-cai,13,0,0
cb5zg-xaaaa-aaaal-qemiq-cai,12,0,0
cb5zg-xaaaa-aaaal-qemiq-cai,11,0,0
cb5zg-xaaaa-aaaal-qemiq-cai,10,0,0
cb5zg-xaaaa-aaaal-qemiq-cai,9,0,0
cb5zg-xaaaa-aaaal-qemiq-cai,8,0,0
cb5zg-xaaaa-aaaal-qemiq-cai,7,0,0
cb5zg-xaaaa-aaaal-qemiq-cai,6,0,0
cb5zg-xaaaa-aaaal-qemiq-cai,5,0,0
cb5zg-xaaaa-aaaal-qemiq-cai,4,0,0
cb5zg-xaaaa-aaaal-qemiq-cai,3,0,0
cb5zg-xaaaa-aaaal-qemiq-cai,2,0,0
cb5zg-xaaaa-aaaal-qemiq-cai,1,0,0
cb5zg-xaaaa-aaaal-qemiq-cai,0,0,0
aessj-giaaa-aaaal-qelyq-cai,0,4,55
wyrph-kqaaa-aaaal-qfbia-cai,8,0,0
wyrph-kqaaa-aaaal-qfbia-cai,7,0,0
wyrph-kqaaa-aaaal-qfbia-cai,6,0,0
wyrph-kqaaa-aaaal-qfbia-cai,5,0,0
wyrph-kqaaa-aaaal-qfbia-cai,4,0,0
wyrph-kqaaa-aaaal-qfbia-cai,3,0,0
wyrph-kqaaa-aaaal-qfbia-cai,2,0,0
wyrph-kqaaa-aaaal-qfbia-cai,1,0,0
wyrph-kqaaa-aaaal-qfbia-cai,0,0,0
kfmta-6yaaa-aaaal-qekdq-cai,224,0,0
kfmta-6yaaa-aaaal-qekdq-cai,223,0,0
kfmta-6yaaa-aaaal-qekdq-cai,222,0,0
kfmta-6yaaa-aaaal-qekdq-cai,221,0,0
kfmta-6yaaa-aaaal-qekdq-cai,220,0,0
kfmta-6yaaa-aaaal-qekdq-cai,219,0,0
kfmta-6yaaa-aaaal-qekdq-cai,218,0,0
kfmta-6yaaa-aaaal-qekdq-cai,217,0,0
kfmta-6yaaa-aaaal-qekdq-cai,216,0,0
kfmta-6yaaa-aaaal-qekdq-cai,215,0,0
kfmta-6yaaa-aaaal-qekdq-cai,214,0,0
kfmta-6yaaa-aaaal-qekdq-cai,213,0,0
kfmta-6yaaa-aaaal-qekdq-cai,212,0,0
kfmta-6yaaa-aaaal-qekdq-cai,211,0,0
kfmta-6yaaa-aaaal-qekdq-cai,210,0,0
kfmta-6yaaa-aaaal-qekdq-cai,209,0,0
kfmta-6yaaa-aaaal-qekdq-cai,208,0,0
kfmta-6yaaa-aaaal-qekdq-cai,207,0,0
kfmta-6yaaa-aaaal-qekdq-cai,206,0,0
kfmta-6yaaa-aaaal-qekdq-cai,205,0,0
kfmta-6yaaa-aaaal-qekdq-cai,204,0,0
kfmta-6yaaa-aaaal-qekdq-cai,203,0,0
kfmta-6yaaa-aaaal-qekdq-cai,202,0,0
kfmta-6yaaa-aaaal-qekdq-cai,201,0,0
kfmta-6yaaa-aaaal-qekdq-cai,200,0,0
kfmta-6yaaa-aaaal-qekdq-cai,199,0,0
kfmta-6yaaa-aaaal-qekdq-cai,198,0,0
kfmta-6yaaa-aaaal-qekdq-cai,197,0,0
kfmta-6yaaa-aaaal-qekdq-cai,196,0,0
kfmta-6yaaa-aaaal-qekdq-cai,195,0,0
kfmta-6yaaa-aaaal-qekdq-cai,194,0,0
kfmta-6yaaa-aaaal-qekdq-cai,193,0,0
kfmta-6yaaa-aaaal-qekdq-cai,192,0,0
kfmta-6yaaa-aaaal-qekdq-cai,191,0,0
kfmta-6yaaa-aaaal-qekdq-cai,190,0,0
kfmta-6yaaa-aaaal-qekdq-cai,189,0,0
kfmta-6yaaa-aaaal-qekdq-cai,188,0,0
kfmta-6yaaa-aaaal-qekdq-cai,187,0,0
kfmta-6yaaa-aaaal-qekdq-cai,186,0,0
kfmta-6yaaa-aaaal-qekdq-cai,185,0,0
kfmta-6yaaa-aaaal-qekdq-cai,184,0,0
kfmta-6yaaa-aaaal-qekdq-cai,183,0,0
kfmta-6yaaa-aaaal-qekdq-cai,182,0,0
kfmta-6yaaa-aaaal-qekdq-cai,181,0,0
kfmta-6yaaa-aaaal-qekdq-cai,180,0,0
kfmta-6yaaa-aaaal-qekdq-cai,179,0,0
kfmta-6yaaa-aaaal-qekdq-cai,178,0,0
kfmta-6yaaa-aaaal-qekdq-cai,177,0,0
kfmta-6yaaa-aaaal-qekdq-cai,176,0,0
kfmta-6yaaa-aaaal-qekdq-cai,175,0,0
kfmta-6yaaa-aaaal-qekdq-cai,174,0,0
kfmta-6yaaa-aaaal-qekdq-cai,173,0,0
kfmta-6yaaa-aaaal-qekdq-cai,172,0,0
kfmta-6yaaa-aaaal-qekdq-cai,171,0,0
kfmta-6yaaa-aaaal-qekdq-cai,170,0,0
kfmta-6yaaa-aaaal-qekdq-cai,169,0,0
kfmta-6yaaa-aaaal-qekdq-cai,168,0,0
kfmta-6yaaa-aaaal-qekdq-cai,167,0,0
kfmta-6yaaa-aaaal-qekdq-cai,166,0,0
kfmta-6yaaa-aaaal-qekdq-cai,165,0,0
kfmta-6yaaa-aaaal-qekdq-cai,164,0,0
kfmta-6yaaa-aaaal-qekdq-cai,163,0,0
kfmta-6yaaa-aaaal-qekdq-cai,162,0,0
kfmta-6yaaa-aaaal-qekdq-cai,161,0,0
kfmta-6yaaa-aaaal-qekdq-cai,160,0,0
kfmta-6yaaa-aaaal-qekdq-cai,159,0,0
kfmta-6yaaa-aaaal-qekdq-cai,158,0,0
kfmta-6yaaa-aaaal-qekdq-cai,157,0,0
kfmta-6yaaa-aaaal-qekdq-cai,156,0,0
kfmta-6yaaa-aaaal-qekdq-cai,155,0,0
kfmta-6yaaa-aaaal-qekdq-cai,154,0,0
kfmta-6yaaa-aaaal-qekdq-cai,153,0,0
kfmta-6yaaa-aaaal-qekdq-cai,152,0,0
kfmta-6yaaa-aaaal-qekdq-cai,151,0,0
kfmta-6yaaa-aaaal-qekdq-cai,150,0,0
kfmta-6yaaa-aaaal-qekdq-cai,149,0,0
kfmta-6yaaa-aaaal-qekdq-cai,148,0,0
kfmta-6yaaa-aaaal-qekdq-cai,147,0,0
kfmta-6yaaa-aaaal-qekdq-cai,146,0,0
kfmta-6yaaa-aaaal-qekdq-cai,145,0,0
kfmta-6yaaa-aaaal-qekdq-cai,144,0,0
kfmta-6yaaa-aaaal-qekdq-cai,143,0,0
kfmta-6yaaa-aaaal-qekdq-cai,142,0,0
kfmta-6yaaa-aaaal-qekdq-cai,141,0,0
kfmta-6yaaa-aaaal-qekdq-cai,140,0,0
kfmta-6yaaa-aaaal-qekdq-cai,139,0,0
kfmta-6yaaa-aaaal-qekdq-cai,138,0,0
kfmta-6yaaa-aaaal-qekdq-cai,137,0,0
kfmta-6yaaa-aaaal-qekdq-cai,136,0,0
kfmta-6yaaa-aaaal-qekdq-cai,135,0,0
kfmta-6yaaa-aaaal-qekdq-cai,134,0,0
kfmta-6yaaa-aaaal-qekdq-cai,133,0,0
kfmta-6yaaa-aaaal-qekdq-cai,132,0,0
kfmta-6yaaa-aaaal-qekdq-cai,131,0,0
kfmta-6yaaa-aaaal-qekdq-cai,130,0,0
kfmta-6yaaa-aaaal-qekdq-cai,129,0,0
kfmta-6yaaa-aaaal-qekdq-cai,128,0,0
kfmta-6yaaa-aaaal-qekdq-cai,127,0,0
kfmta-6yaaa-aaaal-qekdq-cai,126,0,0
kfmta-6yaaa-aaaal-qekdq-cai,125,0,0
kfmta-6yaaa-aaaal-qekdq-cai,124,0,0
kfmta-6yaaa-aaaal-qekdq-cai,123,0,0
kfmta-6yaaa-aaaal-qekdq-cai,122,0,0
kfmta-6yaaa-aaaal-qekdq-cai,121,0,0
kfmta-6yaaa-aaaal-qekdq-cai,120,0,0
kfmta-6yaaa-aaaal-qekdq-cai,119,0,0
kfmta-6yaaa-aaaal-qekdq-cai,118,0,0
kfmta-6yaaa-aaaal-qekdq-cai,117,0,0
kfmta-6yaaa-aaaal-qekdq-cai,116,0,0
kfmta-6yaaa-aaaal-qekdq-cai,115,0,0
kfmta-6yaaa-aaaal-qekdq-cai,114,0,0
kfmta-6yaaa-aaaal-qekdq-cai,113,0,0
kfmta-6yaaa-aaaal-qekdq-cai,112,0,0
kfmta-6yaaa-aaaal-qekdq-cai,111,0,0
kfmta-6yaaa-aaaal-qekdq-cai,110,0,0
kfmta-6yaaa-aaaal-qekdq-cai,109,0,0
kfmta-6yaaa-aaaal-qekdq-cai,108,0,0
kfmta-6yaaa-aaaal-qekdq-cai,107,0,0
kfmta-6yaaa-aaaal-qekdq-cai,106,0,0
kfmta-6yaaa-aaaal-qekdq-cai,105,0,0
kfmta-6yaaa-aaaal-qekdq-cai,104,0,0
kfmta-6yaaa-aaaal-qekdq-cai,103,0,0
kfmta-6yaaa-aaaal-qekdq-cai,102,0,0
kfmta-6yaaa-aaaal-qekdq-cai,101,0,0
kfmta-6yaaa-aaaal-qekdq-cai,100,0,0
kfmta-6yaaa-aaaal-qekdq-cai,99,0,0
kfmta-6yaaa-aaaal-qekdq-cai,98,0,0
kfmta-6yaaa-aaaal-qekdq-cai,97,0,0
kfmta-6yaaa-aaaal-qekdq-cai,96,0,0
kfmta-6yaaa-aaaal-qekdq-cai,95,0,0
kfmta-6yaaa-aaaal-qekdq-cai,94,0,0
kfmta-6yaaa-aaaal-qekdq-cai,93,0,0
kfmta-6yaaa-aaaal-qekdq-cai,92,0,0
kfmta-6yaaa-aaaal-qekdq-cai,91,0,0
kfmta-6yaaa-aaaal-qekdq-cai,90,0,0
kfmta-6yaaa-aaaal-qekdq-cai,89,0,0
kfmta-6yaaa-aaaal-qekdq-cai,88,0,0
kfmta-6yaaa-aaaal-qekdq-cai,87,0,0
kfmta-6yaaa-aaaal-qekdq-cai,86,0,0
kfmta-6yaaa-aaaal-qekdq-cai,85,0,0
kfmta-6yaaa-aaaal-qekdq-cai,84,0,0
kfmta-6yaaa-aaaal-qekdq-cai,83,0,0
kfmta-6yaaa-aaaal-qekdq-cai,82,0,0
kfmta-6yaaa-aaaal-qekdq-cai,81,0,0
kfmta-6yaaa-aaaal-qekdq-cai,80,0,0
kfmta-6yaaa-aaaal-qekdq-cai,79,0,0
kfmta-6yaaa-aaaal-qekdq-cai,78,0,0
kfmta-6yaaa-aaaal-qekdq-cai,77,0,0
kfmta-6yaaa-aaaal-qekdq-cai,76,0,0
kfmta-6yaaa-aaaal-qekdq-cai,75,0,0
kfmta-6yaaa-aaaal-qekdq-cai,74,0,0
kfmta-6yaaa-aaaal-qekdq-cai,73,0,0
kfmta-6yaaa-aaaal-qekdq-cai,72,0,0
kfmta-6yaaa-aaaal-qekdq-cai,71,0,0
kfmta-6yaaa-aaaal-qekdq-cai,70,0,0
kfmta-6yaaa-aaaal-qekdq-cai,69,0,0
kfmta-6yaaa-aaaal-qekdq-cai,68,0,0
kfmta-6yaaa-aaaal-qekdq-cai,67,0,0
kfmta-6yaaa-aaaal-qekdq-cai,66,0,0
kfmta-6yaaa-aaaal-qekdq-cai,65,0,0
kfmta-6yaaa-aaaal-qekdq-cai,64,0,0
kfmta-6yaaa-aaaal-qekdq-cai,63,0,0
kfmta-6yaaa-aaaal-qekdq-cai,62,0,0
kfmta-6yaaa-aaaal-qekdq-cai,61,0,0
kfmta-6yaaa-aaaal-qekdq-cai,60,0,0
kfmta-6yaaa-aaaal-qekdq-cai,59,0,0
kfmta-6yaaa-aaaal-qekdq-cai,58,0,0
kfmta-6yaaa-aaaal-qekdq-cai,57,0,0
kfmta-6yaaa-aaaal-qekdq-cai,56,0,0
kfmta-6yaaa-aaaal-qekdq-cai,55,0,0
kfmta-6yaaa-aaaal-qekdq-cai,54,0,0
kfmta-6yaaa-aaaal-qekdq-cai,53,0,0
kfmta-6yaaa-aaaal-qekdq-cai,52,0,0
kfmta-6yaaa-aaaal-qekdq-cai,51,0,0
kfmta-6yaaa-aaaal-qekdq-cai,50,0,0
kfmta-6yaaa-aaaal-qekdq-cai,49,0,0
kfmta-6yaaa-aaaal-qekdq-cai,48,0,0
kfmta-6yaaa-aaaal-qekdq-cai,47,0,0
kfmta-6yaaa-aaaal-qekdq-cai,46,0,0
kfmta-6yaaa-aaaal-qekdq-cai,45,0,0
kfmta-6yaaa-aaaal-qekdq-cai,44,0,0
kfmta-6yaaa-aaaal-qekdq-cai,43,0,0
kfmta-6yaaa-aaaal-qekdq-cai,42,0,0
kfmta-6yaaa-aaaal-qekdq-cai,41,0,0
kfmta-6yaaa-aaaal-qekdq-cai,40,0,0
kfmta-6yaaa-aaaal-qekdq-cai,39,0,0
kfmta-6yaaa-aaaal-qekdq-cai,38,0,0
kfmta-6yaaa-aaaal-qekdq-cai,37,0,0
kfmta-6yaaa-aaaal-qekdq-cai,36,0,0
kfmta-6yaaa-aaaal-qekdq-cai,35,0,0
kfmta-6yaaa-aaaal-qekdq-cai,34,0,0
kfmta-6yaaa-aaaal-qekdq-cai,33,0,0
kfmta-6yaaa-aaaal-qekdq-cai,32,0,0
kfmta-6yaaa-aaaal-qekdq-cai,31,0,0
kfmta-6yaaa-aaaal-qekdq-cai,30,0,0
kfmta-6yaaa-aaaal-qekdq-cai,29,0,0
kfmta-6yaaa-aaaal-qekdq-cai,28,0,0
kfmta-6yaaa-aaaal-qekdq-cai,27,0,0
kfmta-6yaaa-aaaal-qekdq-cai,26,0,0
kfmta-6yaaa-aaaal-qekdq-cai,25,0,0
kfmta-6yaaa-aaaal-qekdq-cai,24,0,0
kfmta-6yaaa-aaaal-qekdq-cai,23,0,0
kfmta-6yaaa-aaaal-qekdq-cai,22,0,0
kfmta-6yaaa-aaaal-qekdq-cai,21,0,0
kfmta-6yaaa-aaaal-qekdq-cai,20,0,0
kfmta-6yaaa-aaaal-qekdq-cai,19,0,0
kfmta-6yaaa-aaaal-qekdq-cai,18,0,0
kfmta-6yaaa-aaaal-qekdq-cai,17,0,0
kfmta-6yaaa-aaaal-qekdq-cai,16,0,0
kfmta-6yaaa-aaaal-qekdq-cai,15,0,0
kfmta-6yaaa-aaaal-qekdq-cai,14,0,0
kfmta-6yaaa-aaaal-qekdq-cai,13,0,0
kfmta-6yaaa-aaaal-qekdq-cai,12,0,0
kfmta-6yaaa-aaaal-qekdq-cai,11,0,0
kfmta-6yaaa-aaaal-qekdq-cai,10,0,0
kfmta-6yaaa-aaaal-qekdq-cai,9,0,0
kfmta-6yaaa-aaaal-qekdq-cai,8,0,0
kfmta-6yaaa-aaaal-qekdq-cai,7,0,0
kfmta-6yaaa-aaaal-qekdq-cai,6,0,0
kfmta-6yaaa-aaaal-qekdq-cai,5,0,0
kfmta-6yaaa-aaaal-qekdq-cai,4,0,0
kfmta-6yaaa-aaaal-qekdq-cai,3,0,0
kfmta-6yaaa-aaaal-qekdq-cai,2,0,0
kfmta-6yaaa-aaaal-qekdq-cai,1,0,0
kfmta-6yaaa-aaaal-qekdq-cai,0,0,0
ibcqv-yyaaa-aaaal-qezha-cai,23,4,73
ibcqv-yyaaa-aaaal-qezha-cai,22,9,68
ibcqv-yyaaa-aaaal-qezha-cai,21,0,21
ibcqv-yyaaa-aaaal-qezha-cai,20,3,21
ibcqv-yyaaa-aaaal-qezha-cai,19,7,64
ibcqv-yyaaa-aaaal-qezha-cai,18,5,119
ibcqv-yyaaa-aaaal-qezha-cai,17,0,23
ibcqv-yyaaa-aaaal-qezha-cai,16,0,10
ibcqv-yyaaa-aaaal-qezha-cai,15,7,318
ibcqv-yyaaa-aaaal-qezha-cai,14,10,69
ibcqv-yyaaa-aaaal-qezha-cai,13,0,7
ibcqv-yyaaa-aaaal-qezha-cai,12,0,11
ibcqv-yyaaa-aaaal-qezha-cai,11,7,102
ibcqv-yyaaa-aaaal-qezha-cai,10,0,11
ibcqv-yyaaa-aaaal-qezha-cai,9,9,124
ibcqv-yyaaa-aaaal-qezha-cai,8,11,117
ibcqv-yyaaa-aaaal-qezha-cai,7,4,3368
ibcqv-yyaaa-aaaal-qezha-cai,6,5,53
ibcqv-yyaaa-aaaal-qezha-cai,5,3,49
ibcqv-yyaaa-aaaal-qezha-cai,4,2,40
ibcqv-yyaaa-aaaal-qezha-cai,3,2,65
ibcqv-yyaaa-aaaal-qezha-cai,2,9,610
ibcqv-yyaaa-aaaal-qezha-cai,1,7,123
ibcqv-yyaaa-aaaal-qezha-cai,0,0,4
6ossv-oyaaa-aaaal-qe5aq-cai,44,0,0
6ossv-oyaaa-aaaal-qe5aq-cai,43,0,0
6ossv-oyaaa-aaaal-qe5aq-cai,42,0,0
6ossv-oyaaa-aaaal-qe5aq-cai,41,0,0
6ossv-oyaaa-aaaal-qe5aq-cai,40,0,0
6ossv-oyaaa-aaaal-qe5aq-cai,39,0,0
6ossv-oyaaa-aaaal-qe5aq-cai,38,0,0
6ossv-oyaaa-aaaal-qe5aq-cai,37,0,0
6ossv-oyaaa-aaaal-qe5aq-cai,36,0,0
6ossv-oyaaa-aaaal-qe5aq-cai,35,0,0
6ossv-oyaaa-aaaal-qe5aq-cai,34,0,0
6ossv-oyaaa-aaaal-qe5aq-cai,33,0,0
6ossv-oyaaa-aaaal-qe5aq-cai,32,0,0
6ossv-oyaaa-aaaal-qe5aq-cai,31,0,0
6ossv-oyaaa-aaaal-qe5aq-cai,30,0,0
6ossv-oyaaa-aaaal-qe5aq-cai,29,0,0
6ossv-oyaaa-aaaal-qe5aq-cai,28,0,0
6ossv-oyaaa-aaaal-qe5aq-cai,27,0,0
6ossv-oyaaa-aaaal-qe5aq-cai,26,0,0
6ossv-oyaaa-aaaal-qe5aq-cai,25,0,0
6ossv-oyaaa-aaaal-qe5aq-cai,24,0,0
6ossv-oyaaa-aaaal-qe5aq-cai,23,0,0
6ossv-oyaaa-aaaal-qe5aq-cai,22,0,0
6ossv-oyaaa-aaaal-qe5aq-cai,21,0,0
6ossv-oyaaa-aaaal-qe5aq-cai,20,0,0
6ossv-oyaaa-aaaal-qe5aq-cai,19,0,0
6ossv-oyaaa-aaaal-qe5aq-cai,18,0,0
6ossv-oyaaa-aaaal-qe5aq-cai,17,0,0
6ossv-oyaaa-aaaal-qe5aq-cai,16,0,0
6ossv-oyaaa-aaaal-qe5aq-cai,15,0,0
6ossv-oyaaa-aaaal-qe5aq-cai,14,0,0
6ossv-oyaaa-aaaal-qe5aq-cai,13,0,0
6ossv-oyaaa-aaaal-qe5aq-cai,12,0,0
6ossv-oyaaa-aaaal-qe5aq-cai,11,0,0
6ossv-oyaaa-aaaal-qe5aq-cai,10,0,0
6ossv-oyaaa-aaaal-qe5aq-cai,9,0,0
6ossv-oyaaa-aaaal-qe5aq-cai,8,0,0
6ossv-oyaaa-aaaal-qe5aq-cai,7,0,0
6ossv-oyaaa-aaaal-qe5aq-cai,6,0,0
6ossv-oyaaa-aaaal-qe5aq-cai,5,0,0
6ossv-oyaaa-aaaal-qe5aq-cai,4,0,0
6ossv-oyaaa-aaaal-qe5aq-cai,3,0,0
6ossv-oyaaa-aaaal-qe5aq-cai,2,0,0
6ossv-oyaaa-aaaal-qe5aq-cai,1,0,0
6ossv-oyaaa-aaaal-qe5aq-cai,0,0,0
2vfkc-ciaaa-aaaal-qefbq-cai,0,5,84
75yjq-7aaaa-aaaal-qerja-cai,0,0,0
r4cyj-xyaaa-aaaal-qexua-cai,85,0,0
r4cyj-xyaaa-aaaal-qexua-cai,84,0,0
r4cyj-xyaaa-aaaal-qexua-cai,83,0,0
r4cyj-xyaaa-aaaal-qexua-cai,82,0,0
r4cyj-xyaaa-aaaal-qexua-cai,81,0,0
r4cyj-xyaaa-aaaal-qexua-cai,80,0,0
r4cyj-xyaaa-aaaal-qexua-cai,79,0,0
r4cyj-xyaaa-aaaal-qexua-cai,78,0,0
r4cyj-xyaaa-aaaal-qexua-cai,77,0,0
r4cyj-xyaaa-aaaal-qexua-cai,76,0,0
r4cyj-xyaaa-aaaal-qexua-cai,75,0,0
r4cyj-xyaaa-aaaal-qexua-cai,74,0,0
r4cyj-xyaaa-aaaal-qexua-cai,73,0,0
r4cyj-xyaaa-aaaal-qexua-cai,72,0,0
r4cyj-xyaaa-aaaal-qexua-cai,71,0,0
r4cyj-xyaaa-aaaal-qexua-cai,70,0,0
r4cyj-xyaaa-aaaal-qexua-cai,69,0,0
r4cyj-xyaaa-aaaal-qexua-cai,68,0,0
r4cyj-xyaaa-aaaal-qexua-cai,67,0,0
r4cyj-xyaaa-aaaal-qexua-cai,66,0,0
r4cyj-xyaaa-aaaal-qexua-cai,65,0,0
r4cyj-xyaaa-aaaal-qexua-cai,64,0,0
r4cyj-xyaaa-aaaal-qexua-cai,63,0,0
r4cyj-xyaaa-aaaal-qexua-cai,62,0,0
r4cyj-xyaaa-aaaal-qexua-cai,61,0,0
r4cyj-xyaaa-aaaal-qexua-cai,60,0,0
r4cyj-xyaaa-aaaal-qexua-cai,59,0,0
r4cyj-xyaaa-aaaal-qexua-cai,58,0,0
r4cyj-xyaaa-aaaal-qexua-cai,57,0,0
r4cyj-xyaaa-aaaal-qexua-cai,56,0,0
r4cyj-xyaaa-aaaal-qexua-cai,55,0,0
r4cyj-xyaaa-aaaal-qexua-cai,54,0,0
r4cyj-xyaaa-aaaal-qexua-cai,53,0,0
r4cyj-xyaaa-aaaal-qexua-cai,52,0,0
r4cyj-xyaaa-aaaal-qexua-cai,51,0,0
r4cyj-xyaaa-aaaal-qexua-cai,50,0,0
r4cyj-xyaaa-aaaal-qexua-cai,49,0,0
r4cyj-xyaaa-aaaal-qexua-cai,48,0,0
r4cyj-xyaaa-aaaal-qexua-cai,47,0,0
r4cyj-xyaaa-aaaal-qexua-cai,46,0,0
r4cyj-xyaaa-aaaal-qexua-cai,45,0,0
r4cyj-xyaaa-aaaal-qexua-cai,44,0,0
r4cyj-xyaaa-aaaal-qexua-cai,43,0,0
r4cyj-xyaaa-aaaal-qexua-cai,42,0,0
r4cyj-xyaaa-aaaal-qexua-cai,41,0,0
r4cyj-xyaaa-aaaal-qexua-cai,40,0,0
r4cyj-xyaaa-aaaal-qexua-cai,39,0,0
r4cyj-xyaaa-aaaal-qexua-cai,38,0,0
r4cyj-xyaaa-aaaal-qexua-cai,37,0,0
r4cyj-xyaaa-aaaal-qexua-cai,36,0,0
r4cyj-xyaaa-aaaal-qexua-cai,35,0,0
r4cyj-xyaaa-aaaal-qexua-cai,34,0,0
r4cyj-xyaaa-aaaal-qexua-cai,33,0,0
r4cyj-xyaaa-aaaal-qexua-cai,32,0,0
r4cyj-xyaaa-aaaal-qexua-cai,31,0,0
r4cyj-xyaaa-aaaal-qexua-cai,30,0,0
r4cyj-xyaaa-aaaal-qexua-cai,29,0,0
r4cyj-xyaaa-aaaal-qexua-cai,28,0,0
r4cyj-xyaaa-aaaal-qexua-cai,27,0,0
r4cyj-xyaaa-aaaal-qexua-cai,26,0,0
r4cyj-xyaaa-aaaal-qexua-cai,25,0,0
r4cyj-xyaaa-aaaal-qexua-cai,24,0,0
r4cyj-xyaaa-aaaal-qexua-cai,23,0,0
r4cyj-xyaaa-aaaal-qexua-cai,22,0,0
r4cyj-xyaaa-aaaal-qexua-cai,21,0,0
r4cyj-xyaaa-aaaal-qexua-cai,20,0,0
r4cyj-xyaaa-aaaal-qexua-cai,19,0,0
r4cyj-xyaaa-aaaal-qexua-cai,18,0,0
r4cyj-xyaaa-aaaal-qexua-cai,17,0,0
r4cyj-xyaaa-aaaal-qexua-cai,16,0,0
r4cyj-xyaaa-aaaal-qexua-cai,15,0,0
r4cyj-xyaaa-aaaal-qexua-cai,14,0,0
r4cyj-xyaaa-aaaal-qexua-cai,13,0,0
r4cyj-xyaaa-aaaal-qexua-cai,12,0,0
r4cyj-xyaaa-aaaal-qexua-cai,11,0,0
r4cyj-xyaaa-aaaal-qexua-cai,10,0,0
r4cyj-xyaaa-aaaal-qexua-cai,9,0,0
r4cyj-xyaaa-aaaal-qexua-cai,8,0,0
r4cyj-xyaaa-aaaal-qexua-cai,7,0,0
r4cyj-xyaaa-aaaal-qexua-cai,6,0,0
r4cyj-xyaaa-aaaal-qexua-cai,5,0,0
r4cyj-xyaaa-aaaal-qexua-cai,4,0,0
r4cyj-xyaaa-aaaal-qexua-cai,3,0,0
r4cyj-xyaaa-aaaal-qexua-cai,2,0,0
r4cyj-xyaaa-aaaal-qexua-cai,1,0,0
r4cyj-xyaaa-aaaal-qexua-cai,0,0,0
d5ctt-maaaa-aaaal-qelra-cai,4,4,54
d5ctt-maaaa-aaaal-qelra-cai,3,0,0
d5ctt-maaaa-aaaal-qelra-cai,2,0,0
d5ctt-maaaa-aaaal-qelra-cai,1,0,0
d5ctt-maaaa-aaaal-qelra-cai,0,0,0
pjhpe-wqaaa-aaaal-qezwq-cai,34,0,0
pjhpe-wqaaa-aaaal-qezwq-cai,33,0,0
pjhpe-wqaaa-aaaal-qezwq-cai,32,0,0
pjhpe-wqaaa-aaaal-qezwq-cai,31,0,0
pjhpe-wqaaa-aaaal-qezwq-cai,30,0,0
pjhpe-wqaaa-aaaal-qezwq-cai,29,0,0
pjhpe-wqaaa-aaaal-qezwq-cai,28,0,0
pjhpe-wqaaa-aaaal-qezwq-cai,27,0,0
pjhpe-wqaaa-aaaal-qezwq-cai,26,0,0
pjhpe-wqaaa-aaaal-qezwq-cai,25,0,0
pjhpe-wqaaa-aaaal-qezwq-cai,24,0,0
pjhpe-wqaaa-aaaal-qezwq-cai,23,0,0
pjhpe-wqaaa-aaaal-qezwq-cai,22,0,0
pjhpe-wqaaa-aaaal-qezwq-cai,21,0,0
pjhpe-wqaaa-aaaal-qezwq-cai,20,0,0
pjhpe-wqaaa-aaaal-qezwq-cai,19,0,0
pjhpe-wqaaa-aaaal-qezwq-cai,18,0,0
pjhpe-wqaaa-aaaal-qezwq-cai,17,0,0
pjhpe-wqaaa-aaaal-qezwq-cai,16,0,0
pjhpe-wqaaa-aaaal-qezwq-cai,15,0,0
pjhpe-wqaaa-aaaal-qezwq-cai,14,0,0
pjhpe-wqaaa-aaaal-qezwq-cai,13,0,0
pjhpe-wqaaa-aaaal-qezwq-cai,12,0,0
pjhpe-wqaaa-aaaal-qezwq-cai,11,0,0
pjhpe-wqaaa-aaaal-qezwq-cai,10,0,0
pjhpe-wqaaa-aaaal-qezwq-cai,9,0,0
pjhpe-wqaaa-aaaal-qezwq-cai,8,0,0
pjhpe-wqaaa-aaaal-qezwq-cai,7,0,0
pjhpe-wqaaa-aaaal-qezwq-cai,6,0,0
pjhpe-wqaaa-aaaal-qezwq-cai,5,0,0
pjhpe-wqaaa-aaaal-qezwq-cai,4,0,0
pjhpe-wqaaa-aaaal-qezwq-cai,3,0,0
pjhpe-wqaaa-aaaal-qezwq-cai,2,0,0
pjhpe-wqaaa-aaaal-qezwq-cai,1,2,100
pjhpe-wqaaa-aaaal-qezwq-cai,0,0,36
ipa55-diaaa-aaaal-qezga-cai,82,0,0
ipa55-diaaa-aaaal-qezga-cai,81,0,0
ipa55-diaaa-aaaal-qezga-cai,80,0,0
ipa55-diaaa-aaaal-qezga-cai,79,0,0
ipa55-diaaa-aaaal-qezga-cai,78,0,0
ipa55-diaaa-aaaal-qezga-cai,77,0,0
ipa55-diaaa-aaaal-qezga-cai,76,0,0
ipa55-diaaa-aaaal-qezga-cai,75,0,0
ipa55-diaaa-aaaal-qezga-cai,74,0,0
ipa55-diaaa-aaaal-qezga-cai,73,0,0
ipa55-diaaa-aaaal-qezga-cai,72,0,0
ipa55-diaaa-aaaal-qezga-cai,71,0,0
ipa55-diaaa-aaaal-qezga-cai,70,0,0
ipa55-diaaa-aaaal-qezga-cai,69,0,0
ipa55-diaaa-aaaal-qezga-cai,68,0,0
ipa55-diaaa-aaaal-qezga-cai,67,0,0
ipa55-diaaa-aaaal-qezga-cai,66,0,0
ipa55-diaaa-aaaal-qezga-cai,65,0,0
ipa55-diaaa-aaaal-qezga-cai,64,0,0
ipa55-diaaa-aaaal-qezga-cai,63,0,0
ipa55-diaaa-aaaal-qezga-cai,62,0,0
ipa55-diaaa-aaaal-qezga-cai,61,0,0
ipa55-diaaa-aaaal-qezga-cai,60,0,0
ipa55-diaaa-aaaal-qezga-cai,59,0,0
ipa55-diaaa-aaaal-qezga-cai,58,0,0
ipa55-diaaa-aaaal-qezga-cai,57,0,0
ipa55-diaaa-aaaal-qezga-cai,56,0,0
ipa55-diaaa-aaaal-qezga-cai,55,0,0
ipa55-diaaa-aaaal-qezga-cai,54,0,0
ipa55-diaaa-aaaal-qezga-cai,53,0,0
ipa55-diaaa-aaaal-qezga-cai,52,0,0
ipa55-diaaa-aaaal-qezga-cai,51,0,0
ipa55-diaaa-aaaal-qezga-cai,50,0,0
ipa55-diaaa-aaaal-qezga-cai,49,0,0
ipa55-diaaa-aaaal-qezga-cai,48,0,0
ipa55-diaaa-aaaal-qezga-cai,47,0,0
ipa55-diaaa-aaaal-qezga-cai,46,0,0
ipa55-diaaa-aaaal-qezga-cai,45,0,0
ipa55-diaaa-aaaal-qezga-cai,44,0,0
ipa55-diaaa-aaaal-qezga-cai,43,0,0
ipa55-diaaa-aaaal-qezga-cai,42,0,0
ipa55-diaaa-aaaal-qezga-cai,41,0,0
ipa55-diaaa-aaaal-qezga-cai,40,0,0
ipa55-diaaa-aaaal-qezga-cai,39,0,0
ipa55-diaaa-aaaal-qezga-cai,38,0,0
ipa55-diaaa-aaaal-qezga-cai,37,0,0
ipa55-diaaa-aaaal-qezga-cai,36,0,0
ipa55-diaaa-aaaal-qezga-cai,35,0,0
ipa55-diaaa-aaaal-qezga-cai,34,0,0
ipa55-diaaa-aaaal-qezga-cai,33,0,0
ipa55-diaaa-aaaal-qezga-cai,32,0,0
ipa55-diaaa-aaaal-qezga-cai,31,0,0
ipa55-diaaa-aaaal-qezga-cai,30,0,0
ipa55-diaaa-aaaal-qezga-cai,29,0,0
ipa55-diaaa-aaaal-qezga-cai,28,0,0
ipa55-diaaa-aaaal-qezga-cai,27,0,0
ipa55-diaaa-aaaal-qezga-cai,26,0,0
ipa55-diaaa-aaaal-qezga-cai,25,0,0
ipa55-diaaa-aaaal-qezga-cai,24,0,0
ipa55-diaaa-aaaal-qezga-cai,23,0,0
ipa55-diaaa-aaaal-qezga-cai,22,0,0
ipa55-diaaa-aaaal-qezga-cai,21,0,0
ipa55-diaaa-aaaal-qezga-cai,20,0,0
ipa55-diaaa-aaaal-qezga-cai,19,0,0
ipa55-diaaa-aaaal-qezga-cai,18,0,0
ipa55-diaaa-aaaal-qezga-cai,17,0,0
ipa55-diaaa-aaaal-qezga-cai,16,0,0
ipa55-diaaa-aaaal-qezga-cai,15,0,0
ipa55-diaaa-aaaal-qezga-cai,14,0,0
ipa55-diaaa-aaaal-qezga-cai,13,0,0
ipa55-diaaa-aaaal-qezga-cai,12,0,0
ipa55-diaaa-aaaal-qezga-cai,11,0,0
ipa55-diaaa-aaaal-qezga-cai,10,0,0
ipa55-diaaa-aaaal-qezga-cai,9,0,0
ipa55-diaaa-aaaal-qezga-cai,8,0,0
ipa55-diaaa-aaaal-qezga-cai,7,0,0
ipa55-diaaa-aaaal-qezga-cai,6,0,0
ipa55-diaaa-aaaal-qezga-cai,5,0,0
ipa55-diaaa-aaaal-qezga-cai,4,0,0
ipa55-diaaa-aaaal-qezga-cai,3,0,0
ipa55-diaaa-aaaal-qezga-cai,2,0,0
ipa55-diaaa-aaaal-qezga-cai,1,0,0
ipa55-diaaa-aaaal-qezga-cai,0,0,0
n6yhq-niaaa-aaaal-qebaa-cai,2,12,77
n6yhq-niaaa-aaaal-qebaa-cai,1,8,52
n6yhq-niaaa-aaaal-qebaa-cai,0,9,60
vnbsa-vyaaa-aaaal-qeijq-cai,1192,0,0
vnbsa-vyaaa-aaaal-qeijq-cai,1191,0,0
vnbsa-vyaaa-aaaal-qeijq-cai,1190,0,0
vnbsa-vyaaa-aaaal-qeijq-cai,1189,0,0
vnbsa-vyaaa-aaaal-qeijq-cai,1188,0,0
vnbsa-vyaaa-aaaal-qeijq-cai,1187,0,0
vnbsa-vyaaa-aaaal-qeijq-cai,1186,0,0
vnbsa-vyaaa-aaaal-qeijq-cai,1185,0,0
vnbsa-vyaaa-aaaal-qeijq-cai,1184,0,0
vnbsa-vyaaa-aaaal-qeijq-cai,1183,0,0
vnbsa-vyaaa-aaaal-qeijq-cai,1182,0,0
vnbsa-vyaaa-aaaal-qeijq-cai,1181,0,0
vnbsa-vyaaa-aaaal-qeijq-cai,1180,0,0
vnbsa-vyaaa-aaaal-qeijq-cai,1179,0,0
vnbsa-vyaaa-aaaal-qeijq-cai,1178,0,0
vnbsa-vyaaa-aaaal-qeijq-cai,1177,0,0
vnbsa-vyaaa-aaaal-qeijq-cai,1176,0,0
vnbsa-vyaaa-aaaal-qeijq-cai,1175,0,0
vnbsa-vyaaa-aaaal-qeijq-cai,1174,0,0
vnbsa-vyaaa-aaaal-qeijq-cai,1173,0,0
vnbsa-vyaaa-aaaal-qeijq-cai,1172,0,0
vnbsa-vyaaa-aaaal-qeijq-cai,1171,0,0
vnbsa-vyaaa-aaaal-qeijq-cai,1170,0,0
vnbsa-vyaaa-aaaal-qeijq-cai,1169,0,0
vnbsa-vyaaa-aaaal-qeijq-cai,1168,0,0
vnbsa-vyaaa-aaaal-qeijq-cai,1167,0,0
vnbsa-vyaaa-aaaal-qeijq-cai,1166,0,0
vnbsa-vyaaa-aaaal-qeijq-cai,1165,0,0
vnbsa-vyaaa-aaaal-qeijq-cai,1164,0,0
vnbsa-vyaaa-aaaal-qeijq-cai,1163,0,0
vnbsa-vyaaa-aaaal-qeijq-cai,1162,0,0
vnbsa-vyaaa-aaaal-qeijq-cai,1161,0,0
vnbsa-vyaaa-aaaal-qeijq-cai,1160,0,0
vnbsa-vyaaa-aaaal-qeijq-cai,1159,0,0
vnbsa-vyaaa-aaaal-qeijq-cai,1158,0,0
vnbsa-vyaaa-aaaal-qeijq-cai,1157,0,0
vnbsa-vyaaa-aaaal-qeijq-cai,1156,0,0
vnbsa-vyaaa-aaaal-qeijq-cai,1155,0,0
vnbsa-vyaaa-aaaal-qeijq-cai,1154,0,0
vnbsa-vyaaa-aaaal-qeijq-cai,1153,0,0
vnbsa-vyaaa-aaaal-qeijq-cai,1152,0,0
vnbsa-vyaaa-aaaal-qeijq-cai,1151,0,0
vnbsa-vyaaa-aaaal-qeijq-cai,1150,0,0
vnbsa-vyaaa-aaaal-qeijq-cai,1149,0,0
vnbsa-vyaaa-aaaal-qeijq-cai,1148,0,0
vnbsa-vyaaa-aaaal-qeijq-cai,1147,0,0
vnbsa-vyaaa-aaaal-qeijq-cai,1146,0,0
vnbsa-vyaaa-aaaal-qeijq-cai,1145,0,0
vnbsa-vyaaa-aaaal-qeijq-cai,1144,0,0
vnbsa-vyaaa-aaaal-qeijq-cai,1143,0,2
vnbsa-vyaaa-aaaal-qeijq-cai,1142,0,0
vnbsa-vyaaa-aaaal-qeijq-cai,1141,0,0
vnbsa-vyaaa-aaaal-qeijq-cai,1140,0,0
vnbsa-vyaaa-aaaal-qeijq-cai,1139,0,0
vnbsa-vyaaa-aaaal-qeijq-cai,1138,0,0
vnbsa-vyaaa-aaaal-qeijq-cai,1137,0,0
vnbsa-vyaaa-aaaal-qeijq-cai,1136,0,0
vnbsa-vyaaa-aaaal-qeijq-cai,1135,0,0
vnbsa-vyaaa-aaaal-qeijq-cai,1134,0,0
vnbsa-vyaaa-aaaal-qeijq-cai,1133,0,0
vnbsa-vyaaa-aaaal-qeijq-cai,1132,0,0
vnbsa-vyaaa-aaaal-qeijq-cai,1131,0,0
vnbsa-vyaaa-aaaal-qeijq-cai,1130,0,0
vnbsa-vyaaa-aaaal-qeijq-cai,1129,0,0
vnbsa-vyaaa-aaaal-qeijq-cai,1128,0,0
vnbsa-vyaaa-aaaal-qeijq-cai,1127,0,0
vnbsa-vyaaa-aaaal-qeijq-cai,1126,0,0
vnbsa-vyaaa-aaaal-qeijq-cai,1125,0,0
vnbsa-vyaaa-aaaal-qeijq-cai,1124,0,0
vnbsa-vyaaa-aaaal-qeijq-cai,1123,0,0
vnbsa-vyaaa-aaaal-qeijq-cai,1122,0,0
vnbsa-vyaaa-aaaal-qeijq-cai,1121,0,0
vnbsa-vyaaa-aaaal-qeijq-cai,1120,0,0
vnbsa-vyaaa-aaaal-qeijq-cai,1119,0,0
vnbsa-vyaaa-aaaal-qeijq-cai,1118,0,0
vnbsa-vyaaa-aaaal-qeijq-cai,1117,0,0
vnbsa-vyaaa-aaaal-qeijq-cai,1116,0,0
vnbsa-vyaaa-aaaal-qeijq-cai,1115,0,0
vnbsa-vyaaa-aaaal-qeijq-cai,1114,0,0
vnbsa-vyaaa-aaaal-qeijq-cai,1113,0,0
vnbsa-vyaaa-aaaal-qeijq-cai,1112,0,0
vnbsa-vyaaa-aaaal-qeijq-cai,1111,0,0
vnbsa-vyaaa-aaaal-qeijq-cai,1110,0,0
vnbsa-vyaaa-aaaal-qeijq-cai,1109,0,0
vnbsa-vyaaa-aaaal-qeijq-cai,1108,0,0
vnbsa-vyaaa-aaaal-qeijq-cai,1107,0,0
vnbsa-vyaaa-aaaal-qeijq-cai,1106,0,0
vnbsa-vyaaa-aaaal-qeijq-cai,1105,0,0
vnbsa-vyaaa-aaaal-qeijq-cai,1104,0,0
vnbsa-vyaaa-aaaal-qeijq-cai,1103,0,0
vnbsa-vyaaa-aaaal-qeijq-cai,1102,0,0
vnbsa-vyaaa-aaaal-qeijq-cai,1101,0,0
vnbsa-vyaaa-aaaal-qeijq-cai,1100,0,0
vnbsa-vyaaa-aaaal-qeijq-cai,1099,0,0
vnbsa-vyaaa-aaaal-qeijq-cai,1098,0,0
vnbsa-vyaaa-aaaal-qeijq-cai,1097,0,0
vnbsa-vyaaa-aaaal-qeijq-cai,1096,0,0
vnbsa-vyaaa-aaaal-qeijq-cai,1095,0,0
vnbsa-vyaaa-aaaal-qeijq-cai,1094,0,0
vnbsa-vyaaa-aaaal-qeijq-cai,1093,0,0
vnbsa-vyaaa-aaaal-qeijq-cai,1092,0,0
vnbsa-vyaaa-aaaal-qeijq-cai,1091,0,0
vnbsa-vyaaa-aaaal-qeijq-cai,1090,0,0
vnbsa-vyaaa-aaaal-qeijq-cai,1089,0,0
vnbsa-vyaaa-aaaal-qeijq-cai,1088,0,0
vnbsa-vyaaa-aaaal-qeijq-cai,1087,0,0
vnbsa-vyaaa-aaaal-qeijq-cai,1086,0,0
vnbsa-vyaaa-aaaal-qeijq-cai,1085,0,0
vnbsa-vyaaa-aaaal-qeijq-cai,1084,0,0
vnbsa-vyaaa-aaaal-qeijq-cai,1083,0,0
vnbsa-vyaaa-aaaal-qeijq-cai,1082,0,0
vnbsa-vyaaa-aaaal-qeijq-cai,1081,0,0
vnbsa-vyaaa-aaaal-qeijq-cai,1080,0,0
vnbsa-vyaaa-aaaal-qeijq-cai,1079,0,0
vnbsa-vyaaa-aaaal-qeijq-cai,1078,0,0
vnbsa-vyaaa-aaaal-qeijq-cai,1077,0,0
vnbsa-vyaaa-aaaal-qeijq-cai,1076,0,0
vnbsa-vyaaa-aaaal-qeijq-cai,1075,0,0
vnbsa-vyaaa-aaaal-qeijq-cai,1074,0,0
vnbsa-vyaaa-aaaal-qeijq-cai,1073,0,0
vnbsa-vyaaa-aaaal-qeijq-cai,1072,0,0
vnbsa-vyaaa-aaaal-qeijq-cai,1071,0,0
vnbsa-vyaaa-aaaal-qeijq-cai,1070,0,0
vnbsa-vyaaa-aaaal-qeijq-cai,1069,0,0
vnbsa-vyaaa-aaaal-qeijq-cai,1068,0,0
vnbsa-vyaaa-aaaal-qeijq-cai,1067,0,0
vnbsa-vyaaa-aaaal-qeijq-cai,1066,0,0
vnbsa-vyaaa-aaaal-qeijq-cai,1065,0,0
vnbsa-vyaaa-aaaal-qeijq-cai,1064,0,0
vnbsa-vyaaa-aaaal-qeijq-cai,1063,0,0
vnbsa-vyaaa-aaaal-qeijq-cai,1062,0,0
vnbsa-vyaaa-aaaal-qeijq-cai,1061,0,0
vnbsa-vyaaa-aaaal-qeijq-cai,1060,0,0
vnbsa-vyaaa-aaaal-qeijq-cai,1059,0,0
vnbsa-vyaaa-aaaal-qeijq-cai,1058,0,0
vnbsa-vyaaa-aaaal-qeijq-cai,1057,0,0
vnbsa-vyaaa-aaaal-qeijq-cai,1056,0,0
vnbsa-vyaaa-aaaal-qeijq-cai,1055,0,0
vnbsa-vyaaa-aaaal-qeijq-cai,1054,0,0
vnbsa-vyaaa-aaaal-qeijq-cai,1053,0,0
vnbsa-vyaaa-aaaal-qeijq-cai,1052,0,0
vnbsa-vyaaa-aaaal-qeijq-cai,1051,0,0
vnbsa-vyaaa-aaaal-qeijq-cai,1050,0,0
vnbsa-vyaaa-aaaal-qeijq-cai,1049,0,0
vnbsa-vyaaa-aaaal-qeijq-cai,1048,0,0
vnbsa-vyaaa-aaaal-qeijq-cai,1047,0,0
vnbsa-vyaaa-aaaal-qeijq-cai,1046,0,0
vnbsa-vyaaa-aaaal-qeijq-cai,1045,0,0
vnbsa-vyaaa-aaaal-qeijq-cai,1044,0,0
vnbsa-vyaaa-aaaal-qeijq-cai,1043,0,0
vnbsa-vyaaa-aaaal-qeijq-cai,1042,0,0
vnbsa-vyaaa-aaaal-qeijq-cai,1041,0,0
vnbsa-vyaaa-aaaal-qeijq-cai,1040,0,0
vnbsa-vyaaa-aaaal-qeijq-cai,1039,0,0
vnbsa-vyaaa-aaaal-qeijq-cai,1038,0,0
vnbsa-vyaaa-aaaal-qeijq-cai,1037,0,0
vnbsa-vyaaa-aaaal-qeijq-cai,1036,0,0
vnbsa-vyaaa-aaaal-qeijq-cai,1035,0,0
vnbsa-vyaaa-aaaal-qeijq-cai,1034,0,0
vnbsa-vyaaa-aaaal-qeijq-cai,1033,0,0
vnbsa-vyaaa-aaaal-qeijq-cai,1032,0,0
vnbsa-vyaaa-aaaal-qeijq-cai,1031,0,0
vnbsa-vyaaa-aaaal-qeijq-cai,1030,0,0
vnbsa-vyaaa-aaaal-qeijq-cai,1029,0,0
vnbsa-vyaaa-aaaal-qeijq-cai,1028,0,0
vnbsa-vyaaa-aaaal-qeijq-cai,1027,0,0
vnbsa-vyaaa-aaaal-qeijq-cai,1026,0,0
vnbsa-vyaaa-aaaal-qeijq-cai,1025,0,0
vnbsa-vyaaa-aaaal-qeijq-cai,1024,0,0
vnbsa-vyaaa-aaaal-qeijq-cai,1023,0,0
vnbsa-vyaaa-aaaal-qeijq-cai,1022,0,0
vnbsa-vyaaa-aaaal-qeijq-cai,1021,0,0
vnbsa-vyaaa-aaaal-qeijq-cai,1020,0,0
vnbsa-vyaaa-aaaal-qeijq-cai,1019,0,0
vnbsa-vyaaa-aaaal-qeijq-cai,1018,0,0
vnbsa-vyaaa-aaaal-qeijq-cai,1017,0,0
vnbsa-vyaaa-aaaal-qeijq-cai,1016,0,0
vnbsa-vyaaa-aaaal-qeijq-cai,1015,0,0
vnbsa-vyaaa-aaaal-qeijq-cai,1014,0,0
vnbsa-vyaaa-aaaal-qeijq-cai,1013,0,0
vnbsa-vyaaa-aaaal-qeijq-cai,1012,0,0
vnbsa-vyaaa-aaaal-qeijq-cai,1011,0,0
vnbsa-vyaaa-aaaal-qeijq-cai,1010,0,0
vnbsa-vyaaa-aaaal-qeijq-cai,1009,0,0
vnbsa-vyaaa-aaaal-qeijq-cai,1008,0,0
vnbsa-vyaaa-aaaal-qeijq-cai,1007,0,0
vnbsa-vyaaa-aaaal-qeijq-cai,1006,0,0
vnbsa-vyaaa-aaaal-qeijq-cai,1005,0,0
vnbsa-vyaaa-aaaal-qeijq-cai,1004,0,0
vnbsa-vyaaa-aaaal-qeijq-cai,1003,0,0
vnbsa-vyaaa-aaaal-qeijq-cai,1002,0,0
vnbsa-vyaaa-aaaal-qeijq-cai,1001,0,0
vnbsa-vyaaa-aaaal-qeijq-cai,1000,0,0
vnbsa-vyaaa-aaaal-qeijq-cai,999,0,0
vnbsa-vyaaa-aaaal-qeijq-cai,998,0,0
vnbsa-vyaaa-aaaal-qeijq-cai,997,0,0
vnbsa-vyaaa-aaaal-qeijq-cai,996,0,0
vnbsa-vyaaa-aaaal-qeijq-cai,995,0,0
vnbsa-vyaaa-aaaal-qeijq-cai,994,0,0
vnbsa-vyaaa-aaaal-qeijq-cai,993,0,0
vnbsa-vyaaa-aaaal-qeijq-cai,992,0,0
vnbsa-vyaaa-aaaal-qeijq-cai,991,0,0
vnbsa-vyaaa-aaaal-qeijq-cai,990,0,0
vnbsa-vyaaa-aaaal-qeijq-cai,989,0,0
vnbsa-vyaaa-aaaal-qeijq-cai,988,0,0
vnbsa-vyaaa-aaaal-qeijq-cai,987,0,0
vnbsa-vyaaa-aaaal-qeijq-cai,986,0,0
vnbsa-vyaaa-aaaal-qeijq-cai,985,0,0
vnbsa-vyaaa-aaaal-qeijq-cai,984,0,0
vnbsa-vyaaa-aaaal-qeijq-cai,983,0,0
vnbsa-vyaaa-aaaal-qeijq-cai,982,0,0
vnbsa-vyaaa-aaaal-qeijq-cai,981,0,0
vnbsa-vyaaa-aaaal-qeijq-cai,980,0,0
vnbsa-vyaaa-aaaal-qeijq-cai,979,0,0
vnbsa-vyaaa-aaaal-qeijq-cai,978,0,0
vnbsa-vyaaa-aaaal-qeijq-cai,977,0,0
vnbsa-vyaaa-aaaal-qeijq-cai,976,0,0
vnbsa-vyaaa-aaaal-qeijq-cai,975,0,0
vnbsa-vyaaa-aaaal-qeijq-cai,974,0,0
vnbsa-vyaaa-aaaal-qeijq-cai,973,0,0
vnbsa-vyaaa-aaaal-qeijq-cai,972,0,0
vnbsa-vyaaa-aaaal-qeijq-cai,971,0,0
vnbsa-vyaaa-aaaal-qeijq-cai,970,0,0
vnbsa-vyaaa-aaaal-qeijq-cai,969,0,0
vnbsa-vyaaa-aaaal-qeijq-cai,968,0,0
vnbsa-vyaaa-aaaal-qeijq-cai,967,0,0
vnbsa-vyaaa-aaaal-qeijq-cai,966,0,0
vnbsa-vyaaa-aaaal-qeijq-cai,965,0,0
vnbsa-vyaaa-aaaal-qeijq-cai,964,0,0
vnbsa-vyaaa-aaaal-qeijq-cai,963,0,0
vnbsa-vyaaa-aaaal-qeijq-cai,962,0,0
vnbsa-vyaaa-aaaal-qeijq-cai,961,0,0
vnbsa-vyaaa-aaaal-qeijq-cai,960,0,0
vnbsa-vyaaa-aaaal-qeijq-cai,959,0,0
vnbsa-vyaaa-aaaal-qeijq-cai,958,0,0
vnbsa-vyaaa-aaaal-qeijq-cai,957,0,0
vnbsa-vyaaa-aaaal-qeijq-cai,956,0,0
vnbsa-vyaaa-aaaal-qeijq-cai,955,0,0
vnbsa-vyaaa-aaaal-qeijq-cai,954,0,0
vnbsa-vyaaa-aaaal-qeijq-cai,953,0,0
vnbsa-vyaaa-aaaal-qeijq-cai,952,0,0
vnbsa-vyaaa-aaaal-qeijq-cai,951,0,0
vnbsa-vyaaa-aaaal-qeijq-cai,950,0,0
vnbsa-vyaaa-aaaal-qeijq-cai,949,0,0
vnbsa-vyaaa-aaaal-qeijq-cai,948,0,0
vnbsa-vyaaa-aaaal-qeijq-cai,947,0,0
vnbsa-vyaaa-aaaal-qeijq-cai,946,0,0
vnbsa-vyaaa-aaaal-qeijq-cai,945,0,0
vnbsa-vyaaa-aaaal-qeijq-cai,944,0,0
vnbsa-vyaaa-aaaal-qeijq-cai,943,0,0
vnbsa-vyaaa-aaaal-qeijq-cai,942,0,0
vnbsa-vyaaa-aaaal-qeijq-cai,941,0,0
vnbsa-vyaaa-aaaal-qeijq-cai,940,0,0
vnbsa-vyaaa-aaaal-qeijq-cai,939,0,0
vnbsa-vyaaa-aaaal-qeijq-cai,938,0,0
vnbsa-vyaaa-aaaal-qeijq-cai,937,0,0
vnbsa-vyaaa-aaaal-qeijq-cai,936,0,0
vnbsa-vyaaa-aaaal-qeijq-cai,935,0,0
vnbsa-vyaaa-aaaal-qeijq-cai,934,0,0
vnbsa-vyaaa-aaaal-qeijq-cai,933,0,0
vnbsa-vyaaa-aaaal-qeijq-cai,932,0,0
vnbsa-vyaaa-aaaal-qeijq-cai,931,0,0
vnbsa-vyaaa-aaaal-qeijq-cai,930,0,0
vnbsa-vyaaa-aaaal-qeijq-cai,929,0,0
vnbsa-vyaaa-aaaal-qeijq-cai,928,0,0
vnbsa-vyaaa-aaaal-qeijq-cai,927,0,0
vnbsa-vyaaa-aaaal-qeijq-cai,926,0,0
vnbsa-vyaaa-aaaal-qeijq-cai,925,0,0
vnbsa-vyaaa-aaaal-qeijq-cai,924,0,0
vnbsa-vyaaa-aaaal-qeijq-cai,923,0,0
vnbsa-vyaaa-aaaal-qeijq-cai,922,0,0
vnbsa-vyaaa-aaaal-qeijq-cai,921,0,0
vnbsa-vyaaa-aaaal-qeijq-cai,920,0,0
vnbsa-vyaaa-aaaal-qeijq-cai,919,0,0
vnbsa-vyaaa-aaaal-qeijq-cai,918,0,0
vnbsa-vyaaa-aaaal-qeijq-cai,917,0,0
vnbsa-vyaaa-aaaal-qeijq-cai,916,0,0
vnbsa-vyaaa-aaaal-qeijq-cai,915,0,0
vnbsa-vyaaa-aaaal-qeijq-cai,914,0,0
vnbsa-vyaaa-aaaal-qeijq-cai,913,0,0
vnbsa-vyaaa-aaaal-qeijq-cai,912,0,0
vnbsa-vyaaa-aaaal-qeijq-cai,911,0,0
vnbsa-vyaaa-aaaal-qeijq-cai,910,0,0
vnbsa-vyaaa-aaaal-qeijq-cai,909,0,0
vnbsa-vyaaa-aaaal-qeijq-cai,908,0,0
vnbsa-vyaaa-aaaal-qeijq-cai,907,0,0
vnbsa-vyaaa-aaaal-qeijq-cai,906,0,0
vnbsa-vyaaa-aaaal-qeijq-cai,905,0,0
vnbsa-vyaaa-aaaal-qeijq-cai,904,0,0
vnbsa-vyaaa-aaaal-qeijq-cai,903,0,0
vnbsa-vyaaa-aaaal-qeijq-cai,902,0,0
vnbsa-vyaaa-aaaal-qeijq-cai,901,0,0
vnbsa-vyaaa-aaaal-qeijq-cai,900,0,0
vnbsa-vyaaa-aaaal-qeijq-cai,899,0,0
vnbsa-vyaaa-aaaal-qeijq-cai,898,0,0
vnbsa-vyaaa-aaaal-qeijq-cai,897,0,0
vnbsa-vyaaa-aaaal-qeijq-cai,896,0,0
vnbsa-vyaaa-aaaal-qeijq-cai,895,0,0
vnbsa-vyaaa-aaaal-qeijq-cai,894,0,0
vnbsa-vyaaa-aaaal-qeijq-cai,893,0,0
vnbsa-vyaaa-aaaal-qeijq-cai,892,0,0
vnbsa-vyaaa-aaaal-qeijq-cai,891,0,0
vnbsa-vyaaa-aaaal-qeijq-cai,890,0,0
vnbsa-vyaaa-aaaal-qeijq-cai,889,0,0
vnbsa-vyaaa-aaaal-qeijq-cai,888,0,0
vnbsa-vyaaa-aaaal-qeijq-cai,887,0,0
vnbsa-vyaaa-aaaal-qeijq-cai,886,0,0
vnbsa-vyaaa-aaaal-qeijq-cai,885,0,0
vnbsa-vyaaa-aaaal-qeijq-cai,884,0,0
vnbsa-vyaaa-aaaal-qeijq-cai,883,0,0
vnbsa-vyaaa-aaaal-qeijq-cai,882,0,0
vnbsa-vyaaa-aaaal-qeijq-cai,881,0,0
vnbsa-vyaaa-aaaal-qeijq-cai,880,0,0
vnbsa-vyaaa-aaaal-qeijq-cai,879,0,0
vnbsa-vyaaa-aaaal-qeijq-cai,878,0,0
vnbsa-vyaaa-aaaal-qeijq-cai,877,0,0
vnbsa-vyaaa-aaaal-qeijq-cai,876,0,0
vnbsa-vyaaa-aaaal-qeijq-cai,875,0,0
vnbsa-vyaaa-aaaal-qeijq-cai,874,0,0
vnbsa-vyaaa-aaaal-qeijq-cai,873,0,0
vnbsa-vyaaa-aaaal-qeijq-cai,872,0,0
vnbsa-vyaaa-aaaal-qeijq-cai,871,0,0
vnbsa-vyaaa-aaaal-qeijq-cai,870,0,0
vnbsa-vyaaa-aaaal-qeijq-cai,869,0,0
vnbsa-vyaaa-aaaal-qeijq-cai,868,0,0
vnbsa-vyaaa-aaaal-qeijq-cai,867,0,0
vnbsa-vyaaa-aaaal-qeijq-cai,866,0,0
vnbsa-vyaaa-aaaal-qeijq-cai,865,0,0
vnbsa-vyaaa-aaaal-qeijq-cai,864,0,0
vnbsa-vyaaa-aaaal-qeijq-cai,863,0,0
vnbsa-vyaaa-aaaal-qeijq-cai,862,0,0
vnbsa-vyaaa-aaaal-qeijq-cai,861,0,0
vnbsa-vyaaa-aaaal-qeijq-cai,860,0,0
vnbsa-vyaaa-aaaal-qeijq-cai,859,0,0
vnbsa-vyaaa-aaaal-qeijq-cai,858,0,0
vnbsa-vyaaa-aaaal-qeijq-cai,857,0,0
vnbsa-vyaaa-aaaal-qeijq-cai,856,0,0
vnbsa-vyaaa-aaaal-qeijq-cai,855,0,0
vnbsa-vyaaa-aaaal-qeijq-cai,854,0,0
vnbsa-vyaaa-aaaal-qeijq-cai,853,0,0
vnbsa-vyaaa-aaaal-qeijq-cai,852,0,0
vnbsa-vyaaa-aaaal-qeijq-cai,851,0,0
vnbsa-vyaaa-aaaal-qeijq-cai,850,0,0
vnbsa-vyaaa-aaaal-qeijq-cai,849,0,0
vnbsa-vyaaa-aaaal-qeijq-cai,848,0,0
vnbsa-vyaaa-aaaal-qeijq-cai,847,0,0
vnbsa-vyaaa-aaaal-qeijq-cai,846,0,0
vnbsa-vyaaa-aaaal-qeijq-cai,845,0,0
vnbsa-vyaaa-aaaal-qeijq-cai,844,0,0
vnbsa-vyaaa-aaaal-qeijq-cai,843,0,0
vnbsa-vyaaa-aaaal-qeijq-cai,842,0,0
vnbsa-vyaaa-aaaal-qeijq-cai,841,0,0
vnbsa-vyaaa-aaaal-qeijq-cai,840,0,0
vnbsa-vyaaa-aaaal-qeijq-cai,839,0,0
vnbsa-vyaaa-aaaal-qeijq-cai,838,0,0
vnbsa-vyaaa-aaaal-qeijq-cai,837,0,0
vnbsa-vyaaa-aaaal-qeijq-cai,836,0,0
vnbsa-vyaaa-aaaal-qeijq-cai,835,0,0
vnbsa-vyaaa-aaaal-qeijq-cai,834,0,0
vnbsa-vyaaa-aaaal-qeijq-cai,833,0,0
vnbsa-vyaaa-aaaal-qeijq-cai,832,0,0
vnbsa-vyaaa-aaaal-qeijq-cai,831,0,0
vnbsa-vyaaa-aaaal-qeijq-cai,830,0,0
vnbsa-vyaaa-aaaal-qeijq-cai,829,0,0
vnbsa-vyaaa-aaaal-qeijq-cai,828,0,0
vnbsa-vyaaa-aaaal-qeijq-cai,827,0,0
vnbsa-vyaaa-aaaal-qeijq-cai,826,0,0
vnbsa-vyaaa-aaaal-qeijq-cai,825,0,0
vnbsa-vyaaa-aaaal-qeijq-cai,824,0,0
vnbsa-vyaaa-aaaal-qeijq-cai,823,0,0
vnbsa-vyaaa-aaaal-qeijq-cai,822,0,0
vnbsa-vyaaa-aaaal-qeijq-cai,821,0,0
vnbsa-vyaaa-aaaal-qeijq-cai,820,0,0
vnbsa-vyaaa-aaaal-qeijq-cai,819,0,0
vnbsa-vyaaa-aaaal-qeijq-cai,818,0,0
vnbsa-vyaaa-aaaal-qeijq-cai,817,0,0
vnbsa-vyaaa-aaaal-qeijq-cai,816,0,0
vnbsa-vyaaa-aaaal-qeijq-cai,815,0,0
vnbsa-vyaaa-aaaal-qeijq-cai,814,0,0
vnbsa-vyaaa-aaaal-qeijq-cai,813,0,0
vnbsa-vyaaa-aaaal-qeijq-cai,812,0,0
vnbsa-vyaaa-aaaal-qeijq-cai,811,0,0
vnbsa-vyaaa-aaaal-qeijq-cai,810,0,0
vnbsa-vyaaa-aaaal-qeijq-cai,809,0,0
vnbsa-vyaaa-aaaal-qeijq-cai,808,0,0
vnbsa-vyaaa-aaaal-qeijq-cai,807,0,0
vnbsa-vyaaa-aaaal-qeijq-cai,806,0,0
vnbsa-vyaaa-aaaal-qeijq-cai,805,0,0
vnbsa-vyaaa-aaaal-qeijq-cai,804,0,0
vnbsa-vyaaa-aaaal-qeijq-cai,803,0,0
vnbsa-vyaaa-aaaal-qeijq-cai,802,0,0
vnbsa-vyaaa-aaaal-qeijq-cai,801,0,0
vnbsa-vyaaa-aaaal-qeijq-cai,800,0,0
vnbsa-vyaaa-aaaal-qeijq-cai,799,0,0
vnbsa-vyaaa-aaaal-qeijq-cai,798,0,0
vnbsa-vyaaa-aaaal-qeijq-cai,797,0,0
vnbsa-vyaaa-aaaal-qeijq-cai,796,0,0
vnbsa-vyaaa-aaaal-qeijq-cai,795,0,0
vnbsa-vyaaa-aaaal-qeijq-cai,794,0,0
vnbsa-vyaaa-aaaal-qeijq-cai,793,0,0
vnbsa-vyaaa-aaaal-qeijq-cai,792,0,0
vnbsa-vyaaa-aaaal-qeijq-cai,791,0,0
vnbsa-vyaaa-aaaal-qeijq-cai,790,0,0
vnbsa-vyaaa-aaaal-qeijq-cai,789,0,0
vnbsa-vyaaa-aaaal-qeijq-cai,788,0,0
vnbsa-vyaaa-aaaal-qeijq-cai,787,0,0
vnbsa-vyaaa-aaaal-qeijq-cai,786,0,0
vnbsa-vyaaa-aaaal-qeijq-cai,785,0,0
vnbsa-vyaaa-aaaal-qeijq-cai,784,0,0
vnbsa-vyaaa-aaaal-qeijq-cai,783,0,0
vnbsa-vyaaa-aaaal-qeijq-cai,782,0,0
vnbsa-vyaaa-aaaal-qeijq-cai,781,0,0
vnbsa-vyaaa-aaaal-qeijq-cai,780,0,0
vnbsa-vyaaa-aaaal-qeijq-cai,779,0,0
vnbsa-vyaaa-aaaal-qeijq-cai,778,0,0
vnbsa-vyaaa-aaaal-qeijq-cai,777,0,0
vnbsa-vyaaa-aaaal-qeijq-cai,776,0,0
vnbsa-vyaaa-aaaal-qeijq-cai,775,0,0
vnbsa-vyaaa-aaaal-qeijq-cai,774,0,0
vnbsa-vyaaa-aaaal-qeijq-cai,773,0,0
vnbsa-vyaaa-aaaal-qeijq-cai,772,0,0
vnbsa-vyaaa-aaaal-qeijq-cai,771,0,0
vnbsa-vyaaa-aaaal-qeijq-cai,770,0,0
vnbsa-vyaaa-aaaal-qeijq-cai,769,0,0
vnbsa-vyaaa-aaaal-qeijq-cai,768,0,0
vnbsa-vyaaa-aaaal-qeijq-cai,767,0,0
vnbsa-vyaaa-aaaal-qeijq-cai,766,0,0
vnbsa-vyaaa-aaaal-qeijq-cai,765,0,0
vnbsa-vyaaa-aaaal-qeijq-cai,764,0,0
vnbsa-vyaaa-aaaal-qeijq-cai,763,0,0
vnbsa-vyaaa-aaaal-qeijq-cai,762,0,0
vnbsa-vyaaa-aaaal-qeijq-cai,761,0,0
vnbsa-vyaaa-aaaal-qeijq-cai,760,0,0
vnbsa-vyaaa-aaaal-qeijq-cai,759,0,0
vnbsa-vyaaa-aaaal-qeijq-cai,758,0,0
vnbsa-vyaaa-aaaal-qeijq-cai,757,0,0
vnbsa-vyaaa-aaaal-qeijq-cai,756,0,0
vnbsa-vyaaa-aaaal-qeijq-cai,755,0,0
vnbsa-vyaaa-aaaal-qeijq-cai,754,0,0
vnbsa-vyaaa-aaaal-qeijq-cai,753,0,0
vnbsa-vyaaa-aaaal-qeijq-cai,752,0,0
vnbsa-vyaaa-aaaal-qeijq-cai,751,0,0
vnbsa-vyaaa-aaaal-qeijq-cai,750,0,0
vnbsa-vyaaa-aaaal-qeijq-cai,749,0,0
vnbsa-vyaaa-aaaal-qeijq-cai,748,0,0
vnbsa-vyaaa-aaaal-qeijq-cai,747,0,0
vnbsa-vyaaa-aaaal-qeijq-cai,746,0,0
vnbsa-vyaaa-aaaal-qeijq-cai,745,0,0
vnbsa-vyaaa-aaaal-qeijq-cai,744,0,0
vnbsa-vyaaa-aaaal-qeijq-cai,743,0,0
vnbsa-vyaaa-aaaal-qeijq-cai,742,0,0
vnbsa-vyaaa-aaaal-qeijq-cai,741,0,0
vnbsa-vyaaa-aaaal-qeijq-cai,740,0,0
vnbsa-vyaaa-aaaal-qeijq-cai,739,0,0
vnbsa-vyaaa-aaaal-qeijq-cai,738,0,0
vnbsa-vyaaa-aaaal-qeijq-cai,737,0,0
vnbsa-vyaaa-aaaal-qeijq-cai,736,0,0
vnbsa-vyaaa-aaaal-qeijq-cai,735,0,0
vnbsa-vyaaa-aaaal-qeijq-cai,734,0,0
vnbsa-vyaaa-aaaal-qeijq-cai,733,0,0
vnbsa-vyaaa-aaaal-qeijq-cai,732,0,0
vnbsa-vyaaa-aaaal-qeijq-cai,731,0,0
vnbsa-vyaaa-aaaal-qeijq-cai,730,0,0
vnbsa-vyaaa-aaaal-qeijq-cai,729,0,0
vnbsa-vyaaa-aaaal-qeijq-cai,728,0,0
vnbsa-vyaaa-aaaal-qeijq-cai,727,0,0
vnbsa-vyaaa-aaaal-qeijq-cai,726,0,0
vnbsa-vyaaa-aaaal-qeijq-cai,725,0,0
vnbsa-vyaaa-aaaal-qeijq-cai,724,0,0
vnbsa-vyaaa-aaaal-qeijq-cai,723,0,0
vnbsa-vyaaa-aaaal-qeijq-cai,722,0,0
vnbsa-vyaaa-aaaal-qeijq-cai,721,0,0
vnbsa-vyaaa-aaaal-qeijq-cai,720,0,0
vnbsa-vyaaa-aaaal-qeijq-cai,719,0,0
vnbsa-vyaaa-aaaal-qeijq-cai,718,0,0
vnbsa-vyaaa-aaaal-qeijq-cai,717,0,0
vnbsa-vyaaa-aaaal-qeijq-cai,716,0,0
vnbsa-vyaaa-aaaal-qeijq-cai,715,0,0
vnbsa-vyaaa-aaaal-qeijq-cai,714,0,0
vnbsa-vyaaa-aaaal-qeijq-cai,713,0,0
vnbsa-vyaaa-aaaal-qeijq-cai,712,0,0
vnbsa-vyaaa-aaaal-qeijq-cai,711,0,0
vnbsa-vyaaa-aaaal-qeijq-cai,710,0,0
vnbsa-vyaaa-aaaal-qeijq-cai,709,0,0
vnbsa-vyaaa-aaaal-qeijq-cai,708,0,0
vnbsa-vyaaa-aaaal-qeijq-cai,707,0,0
vnbsa-vyaaa-aaaal-qeijq-cai,706,0,0
vnbsa-vyaaa-aaaal-qeijq-cai,705,0,0
vnbsa-vyaaa-aaaal-qeijq-cai,704,0,0
vnbsa-vyaaa-aaaal-qeijq-cai,703,0,0
vnbsa-vyaaa-aaaal-qeijq-cai,702,0,0
vnbsa-vyaaa-aaaal-qeijq-cai,701,0,0
vnbsa-vyaaa-aaaal-qeijq-cai,700,0,0
vnbsa-vyaaa-aaaal-qeijq-cai,699,0,0
vnbsa-vyaaa-aaaal-qeijq-cai,698,0,0
vnbsa-vyaaa-aaaal-qeijq-cai,697,0,0
vnbsa-vyaaa-aaaal-qeijq-cai,696,0,0
vnbsa-vyaaa-aaaal-qeijq-cai,695,0,0
vnbsa-vyaaa-aaaal-qeijq-cai,694,0,0
vnbsa-vyaaa-aaaal-qeijq-cai,693,0,0
vnbsa-vyaaa-aaaal-qeijq-cai,692,0,0
vnbsa-vyaaa-aaaal-qeijq-cai,691,0,0
vnbsa-vyaaa-aaaal-qeijq-cai,690,0,0
vnbsa-vyaaa-aaaal-qeijq-cai,689,0,0
vnbsa-vyaaa-aaaal-qeijq-cai,688,0,0
vnbsa-vyaaa-aaaal-qeijq-cai,687,0,0
vnbsa-vyaaa-aaaal-qeijq-cai,686,0,0
vnbsa-vyaaa-aaaal-qeijq-cai,685,0,0
vnbsa-vyaaa-aaaal-qeijq-cai,684,0,0
vnbsa-vyaaa-aaaal-qeijq-cai,683,0,0
vnbsa-vyaaa-aaaal-qeijq-cai,682,0,0
vnbsa-vyaaa-aaaal-qeijq-cai,681,0,0
vnbsa-vyaaa-aaaal-qeijq-cai,680,0,0
vnbsa-vyaaa-aaaal-qeijq-cai,679,0,0
vnbsa-vyaaa-aaaal-qeijq-cai,678,0,0
vnbsa-vyaaa-aaaal-qeijq-cai,677,0,0
vnbsa-vyaaa-aaaal-qeijq-cai,676,0,0
vnbsa-vyaaa-aaaal-qeijq-cai,675,0,0
vnbsa-vyaaa-aaaal-qeijq-cai,674,0,0
vnbsa-vyaaa-aaaal-qeijq-cai,673,0,0
vnbsa-vyaaa-aaaal-qeijq-cai,672,0,0
vnbsa-vyaaa-aaaal-qeijq-cai,671,0,0
vnbsa-vyaaa-aaaal-qeijq-cai,670,0,0
vnbsa-vyaaa-aaaal-qeijq-cai,669,0,0
vnbsa-vyaaa-aaaal-qeijq-cai,668,0,0
vnbsa-vyaaa-aaaal-qeijq-cai,667,0,0
vnbsa-vyaaa-aaaal-qeijq-cai,666,0,0
vnbsa-vyaaa-aaaal-qeijq-cai,665,0,0
vnbsa-vyaaa-aaaal-qeijq-cai,664,0,0
vnbsa-vyaaa-aaaal-qeijq-cai,663,0,0
vnbsa-vyaaa-aaaal-qeijq-cai,662,0,0
vnbsa-vyaaa-aaaal-qeijq-cai,661,0,0
vnbsa-vyaaa-aaaal-qeijq-cai,660,0,0
vnbsa-vyaaa-aaaal-qeijq-cai,659,0,0
vnbsa-vyaaa-aaaal-qeijq-cai,658,0,0
vnbsa-vyaaa-aaaal-qeijq-cai,657,0,0
vnbsa-vyaaa-aaaal-qeijq-cai,656,0,0
vnbsa-vyaaa-aaaal-qeijq-cai,655,0,0
vnbsa-vyaaa-aaaal-qeijq-cai,654,0,0
vnbsa-vyaaa-aaaal-qeijq-cai,653,0,0
vnbsa-vyaaa-aaaal-qeijq-cai,652,0,0
vnbsa-vyaaa-aaaal-qeijq-cai,651,0,0
vnbsa-vyaaa-aaaal-qeijq-cai,650,0,0
vnbsa-vyaaa-aaaal-qeijq-cai,649,0,0
vnbsa-vyaaa-aaaal-qeijq-cai,648,0,0
vnbsa-vyaaa-aaaal-qeijq-cai,647,0,0
vnbsa-vyaaa-aaaal-qeijq-cai,646,0,0
vnbsa-vyaaa-aaaal-qeijq-cai,645,0,0
vnbsa-vyaaa-aaaal-qeijq-cai,644,0,0
vnbsa-vyaaa-aaaal-qeijq-cai,643,0,0
vnbsa-vyaaa-aaaal-qeijq-cai,642,0,0
vnbsa-vyaaa-aaaal-qeijq-cai,641,0,0
vnbsa-vyaaa-aaaal-qeijq-cai,640,0,0
vnbsa-vyaaa-aaaal-qeijq-cai,639,0,0
vnbsa-vyaaa-aaaal-qeijq-cai,638,0,0
vnbsa-vyaaa-aaaal-qeijq-cai,637,0,0
vnbsa-vyaaa-aaaal-qeijq-cai,636,0,0
vnbsa-vyaaa-aaaal-qeijq-cai,635,0,0
vnbsa-vyaaa-aaaal-qeijq-cai,634,0,0
vnbsa-vyaaa-aaaal-qeijq-cai,633,0,0
vnbsa-vyaaa-aaaal-qeijq-cai,632,0,0
vnbsa-vyaaa-aaaal-qeijq-cai,631,0,0
vnbsa-vyaaa-aaaal-qeijq-cai,630,0,0
vnbsa-vyaaa-aaaal-qeijq-cai,629,0,0
vnbsa-vyaaa-aaaal-qeijq-cai,628,0,0
vnbsa-vyaaa-aaaal-qeijq-cai,627,0,0
vnbsa-vyaaa-aaaal-qeijq-cai,626,0,0
vnbsa-vyaaa-aaaal-qeijq-cai,625,0,0
vnbsa-vyaaa-aaaal-qeijq-cai,624,0,0
vnbsa-vyaaa-aaaal-qeijq-cai,623,0,0
vnbsa-vyaaa-aaaal-qeijq-cai,622,0,0
vnbsa-vyaaa-aaaal-qeijq-cai,621,0,0
vnbsa-vyaaa-aaaal-qeijq-cai,620,0,0
vnbsa-vyaaa-aaaal-qeijq-cai,619,0,0
vnbsa-vyaaa-aaaal-qeijq-cai,618,0,0
vnbsa-vyaaa-aaaal-qeijq-cai,617,0,0
vnbsa-vyaaa-aaaal-qeijq-cai,616,0,0
vnbsa-vyaaa-aaaal-qeijq-cai,615,0,0
vnbsa-vyaaa-aaaal-qeijq-cai,614,0,0
vnbsa-vyaaa-aaaal-qeijq-cai,613,0,0
vnbsa-vyaaa-aaaal-qeijq-cai,612,0,0
vnbsa-vyaaa-aaaal-qeijq-cai,611,0,0
vnbsa-vyaaa-aaaal-qeijq-cai,610,0,0
vnbsa-vyaaa-aaaal-qeijq-cai,609,0,0
vnbsa-vyaaa-aaaal-qeijq-cai,608,0,0
vnbsa-vyaaa-aaaal-qeijq-cai,607,0,0
vnbsa-vyaaa-aaaal-qeijq-cai,606,0,0
vnbsa-vyaaa-aaaal-qeijq-cai,605,0,0
vnbsa-vyaaa-aaaal-qeijq-cai,604,0,0
vnbsa-vyaaa-aaaal-qeijq-cai,603,0,0
vnbsa-vyaaa-aaaal-qeijq-cai,602,0,0
vnbsa-vyaaa-aaaal-qeijq-cai,601,0,0
vnbsa-vyaaa-aaaal-qeijq-cai,600,0,0
vnbsa-vyaaa-aaaal-qeijq-cai,599,0,0
vnbsa-vyaaa-aaaal-qeijq-cai,598,0,0
vnbsa-vyaaa-aaaal-qeijq-cai,597,0,0
vnbsa-vyaaa-aaaal-qeijq-cai,596,0,0
vnbsa-vyaaa-aaaal-qeijq-cai,595,0,0
vnbsa-vyaaa-aaaal-qeijq-cai,594,0,0
vnbsa-vyaaa-aaaal-qeijq-cai,593,0,0
vnbsa-vyaaa-aaaal-qeijq-cai,592,0,0
vnbsa-vyaaa-aaaal-qeijq-cai,591,0,0
vnbsa-vyaaa-aaaal-qeijq-cai,590,0,0
vnbsa-vyaaa-aaaal-qeijq-cai,589,0,0
vnbsa-vyaaa-aaaal-qeijq-cai,588,0,0
vnbsa-vyaaa-aaaal-qeijq-cai,587,0,0
vnbsa-vyaaa-aaaal-qeijq-cai,586,0,0
vnbsa-vyaaa-aaaal-qeijq-cai,585,0,0
vnbsa-vyaaa-aaaal-qeijq-cai,584,0,0
vnbsa-vyaaa-aaaal-qeijq-cai,583,0,0
vnbsa-vyaaa-aaaal-qeijq-cai,582,0,0
vnbsa-vyaaa-aaaal-qeijq-cai,581,0,0
vnbsa-vyaaa-aaaal-qeijq-cai,580,0,0
vnbsa-vyaaa-aaaal-qeijq-cai,579,0,0
vnbsa-vyaaa-aaaal-qeijq-cai,578,0,0
vnbsa-vyaaa-aaaal-qeijq-cai,577,0,0
vnbsa-vyaaa-aaaal-qeijq-cai,576,0,0
vnbsa-vyaaa-aaaal-qeijq-cai,575,0,0
vnbsa-vyaaa-aaaal-qeijq-cai,574,0,0
vnbsa-vyaaa-aaaal-qeijq-cai,573,0,0
vnbsa-vyaaa-aaaal-qeijq-cai,572,0,0
vnbsa-vyaaa-aaaal-qeijq-cai,571,0,0
vnbsa-vyaaa-aaaal-qeijq-cai,570,0,0
vnbsa-vyaaa-aaaal-qeijq-cai,569,0,0
vnbsa-vyaaa-aaaal-qeijq-cai,568,0,0
vnbsa-vyaaa-aaaal-qeijq-cai,567,0,0
vnbsa-vyaaa-aaaal-qeijq-cai,566,0,0
vnbsa-vyaaa-aaaal-qeijq-cai,565,0,0
vnbsa-vyaaa-aaaal-qeijq-cai,564,0,0
vnbsa-vyaaa-aaaal-qeijq-cai,563,0,0
vnbsa-vyaaa-aaaal-qeijq-cai,562,0,0
vnbsa-vyaaa-aaaal-qeijq-cai,561,0,0
vnbsa-vyaaa-aaaal-qeijq-cai,560,0,0
vnbsa-vyaaa-aaaal-qeijq-cai,559,0,0
vnbsa-vyaaa-aaaal-qeijq-cai,558,0,0
vnbsa-vyaaa-aaaal-qeijq-cai,557,0,0
vnbsa-vyaaa-aaaal-qeijq-cai,556,0,0
vnbsa-vyaaa-aaaal-qeijq-cai,555,0,0
vnbsa-vyaaa-aaaal-qeijq-cai,554,0,0
vnbsa-vyaaa-aaaal-qeijq-cai,553,0,0
vnbsa-vyaaa-aaaal-qeijq-cai,552,0,0
vnbsa-vyaaa-aaaal-qeijq-cai,551,0,0
vnbsa-vyaaa-aaaal-qeijq-cai,550,0,0
vnbsa-vyaaa-aaaal-qeijq-cai,549,0,0
vnbsa-vyaaa-aaaal-qeijq-cai,548,0,0
vnbsa-vyaaa-aaaal-qeijq-cai,547,0,0
vnbsa-vyaaa-aaaal-qeijq-cai,546,0,0
vnbsa-vyaaa-aaaal-qeijq-cai,545,0,0
vnbsa-vyaaa-aaaal-qeijq-cai,544,0,0
vnbsa-vyaaa-aaaal-qeijq-cai,543,0,0
vnbsa-vyaaa-aaaal-qeijq-cai,542,0,0
vnbsa-vyaaa-aaaal-qeijq-cai,541,0,0
vnbsa-vyaaa-aaaal-qeijq-cai,540,0,0
vnbsa-vyaaa-aaaal-qeijq-cai,539,0,0
vnbsa-vyaaa-aaaal-qeijq-cai,538,0,0
vnbsa-vyaaa-aaaal-qeijq-cai,537,0,0
vnbsa-vyaaa-aaaal-qeijq-cai,536,0,0
vnbsa-vyaaa-aaaal-qeijq-cai,535,0,0
vnbsa-vyaaa-aaaal-qeijq-cai,534,0,0
vnbsa-vyaaa-aaaal-qeijq-cai,533,0,0
vnbsa-vyaaa-aaaal-qeijq-cai,532,0,0
vnbsa-vyaaa-aaaal-qeijq-cai,531,0,0
vnbsa-vyaaa-aaaal-qeijq-cai,530,0,0
vnbsa-vyaaa-aaaal-qeijq-cai,529,0,0
vnbsa-vyaaa-aaaal-qeijq-cai,528,0,0
vnbsa-vyaaa-aaaal-qeijq-cai,527,0,0
vnbsa-vyaaa-aaaal-qeijq-cai,526,0,0
vnbsa-vyaaa-aaaal-qeijq-cai,525,0,0
vnbsa-vyaaa-aaaal-qeijq-cai,524,0,0
vnbsa-vyaaa-aaaal-qeijq-cai,523,0,0
vnbsa-vyaaa-aaaal-qeijq-cai,522,0,0
vnbsa-vyaaa-aaaal-qeijq-cai,521,0,0
vnbsa-vyaaa-aaaal-qeijq-cai,520,0,0
vnbsa-vyaaa-aaaal-qeijq-cai,519,0,0
vnbsa-vyaaa-aaaal-qeijq-cai,518,0,0
vnbsa-vyaaa-aaaal-qeijq-cai,517,0,0
vnbsa-vyaaa-aaaal-qeijq-cai,516,0,0
vnbsa-vyaaa-aaaal-qeijq-cai,515,0,0
vnbsa-vyaaa-aaaal-qeijq-cai,514,0,0
vnbsa-vyaaa-aaaal-qeijq-cai,513,0,0
vnbsa-vyaaa-aaaal-qeijq-cai,512,0,0
vnbsa-vyaaa-aaaal-qeijq-cai,511,0,0
vnbsa-vyaaa-aaaal-qeijq-cai,510,0,0
vnbsa-vyaaa-aaaal-qeijq-cai,509,0,0
vnbsa-vyaaa-aaaal-qeijq-cai,508,0,0
vnbsa-vyaaa-aaaal-qeijq-cai,507,0,0
vnbsa-vyaaa-aaaal-qeijq-cai,506,0,0
vnbsa-vyaaa-aaaal-qeijq-cai,505,0,0
vnbsa-vyaaa-aaaal-qeijq-cai,504,0,0
vnbsa-vyaaa-aaaal-qeijq-cai,503,0,0
vnbsa-vyaaa-aaaal-qeijq-cai,502,0,0
vnbsa-vyaaa-aaaal-qeijq-cai,501,0,0
vnbsa-vyaaa-aaaal-qeijq-cai,500,0,0
vnbsa-vyaaa-aaaal-qeijq-cai,499,0,0
vnbsa-vyaaa-aaaal-qeijq-cai,498,0,0
vnbsa-vyaaa-aaaal-qeijq-cai,497,0,0
vnbsa-vyaaa-aaaal-qeijq-cai,496,0,0
vnbsa-vyaaa-aaaal-qeijq-cai,495,0,0
vnbsa-vyaaa-aaaal-qeijq-cai,494,0,0
vnbsa-vyaaa-aaaal-qeijq-cai,493,0,0
vnbsa-vyaaa-aaaal-qeijq-cai,492,0,0
vnbsa-vyaaa-aaaal-qeijq-cai,491,0,0
vnbsa-vyaaa-aaaal-qeijq-cai,490,0,0
vnbsa-vyaaa-aaaal-qeijq-cai,489,0,0
vnbsa-vyaaa-aaaal-qeijq-cai,488,0,0
vnbsa-vyaaa-aaaal-qeijq-cai,487,0,0
vnbsa-vyaaa-aaaal-qeijq-cai,486,0,0
vnbsa-vyaaa-aaaal-qeijq-cai,485,0,0
vnbsa-vyaaa-aaaal-qeijq-cai,484,0,0
vnbsa-vyaaa-aaaal-qeijq-cai,483,0,0
vnbsa-vyaaa-aaaal-qeijq-cai,482,0,0
vnbsa-vyaaa-aaaal-qeijq-cai,481,0,0
vnbsa-vyaaa-aaaal-qeijq-cai,480,0,0
vnbsa-vyaaa-aaaal-qeijq-cai,479,0,0
vnbsa-vyaaa-aaaal-qeijq-cai,478,0,0
vnbsa-vyaaa-aaaal-qeijq-cai,477,0,0
vnbsa-vyaaa-aaaal-qeijq-cai,476,0,0
vnbsa-vyaaa-aaaal-qeijq-cai,475,0,0
vnbsa-vyaaa-aaaal-qeijq-cai,474,0,0
vnbsa-vyaaa-aaaal-qeijq-cai,473,0,0
vnbsa-vyaaa-aaaal-qeijq-cai,472,0,0
vnbsa-vyaaa-aaaal-qeijq-cai,471,0,0
vnbsa-vyaaa-aaaal-qeijq-cai,470,0,0
vnbsa-vyaaa-aaaal-qeijq-cai,469,0,0
vnbsa-vyaaa-aaaal-qeijq-cai,468,0,0
vnbsa-vyaaa-aaaal-qeijq-cai,467,0,0
vnbsa-vyaaa-aaaal-qeijq-cai,466,0,0
vnbsa-vyaaa-aaaal-qeijq-cai,465,0,0
vnbsa-vyaaa-aaaal-qeijq-cai,464,0,0
vnbsa-vyaaa-aaaal-qeijq-cai,463,0,0
vnbsa-vyaaa-aaaal-qeijq-cai,462,0,0
vnbsa-vyaaa-aaaal-qeijq-cai,461,0,0
vnbsa-vyaaa-aaaal-qeijq-cai,460,0,0
vnbsa-vyaaa-aaaal-qeijq-cai,459,0,0
vnbsa-vyaaa-aaaal-qeijq-cai,458,0,0
vnbsa-vyaaa-aaaal-qeijq-cai,457,0,0
vnbsa-vyaaa-aaaal-qeijq-cai,456,0,0
vnbsa-vyaaa-aaaal-qeijq-cai,455,0,0
vnbsa-vyaaa-aaaal-qeijq-cai,454,0,0
vnbsa-vyaaa-aaaal-qeijq-cai,453,0,0
vnbsa-vyaaa-aaaal-qeijq-cai,452,0,0
vnbsa-vyaaa-aaaal-qeijq-cai,451,0,0
vnbsa-vyaaa-aaaal-qeijq-cai,450,0,0
vnbsa-vyaaa-aaaal-qeijq-cai,449,0,0
vnbsa-vyaaa-aaaal-qeijq-cai,448,0,0
vnbsa-vyaaa-aaaal-qeijq-cai,447,0,0
vnbsa-vyaaa-aaaal-qeijq-cai,446,0,0
vnbsa-vyaaa-aaaal-qeijq-cai,445,0,0
vnbsa-vyaaa-aaaal-qeijq-cai,444,0,0
vnbsa-vyaaa-aaaal-qeijq-cai,443,0,0
vnbsa-vyaaa-aaaal-qeijq-cai,442,0,0
vnbsa-vyaaa-aaaal-qeijq-cai,441,0,0
vnbsa-vyaaa-aaaal-qeijq-cai,440,0,0
vnbsa-vyaaa-aaaal-qeijq-cai,439,0,0
vnbsa-vyaaa-aaaal-qeijq-cai,438,0,0
vnbsa-vyaaa-aaaal-qeijq-cai,437,0,0
vnbsa-vyaaa-aaaal-qeijq-cai,436,0,0
vnbsa-vyaaa-aaaal-qeijq-cai,435,0,0
vnbsa-vyaaa-aaaal-qeijq-cai,434,0,0
vnbsa-vyaaa-aaaal-qeijq-cai,433,0,0
vnbsa-vyaaa-aaaal-qeijq-cai,432,0,0
vnbsa-vyaaa-aaaal-qeijq-cai,431,0,0
vnbsa-vyaaa-aaaal-qeijq-cai,430,0,0
vnbsa-vyaaa-aaaal-qeijq-cai,429,0,0
vnbsa-vyaaa-aaaal-qeijq-cai,428,0,0
vnbsa-vyaaa-aaaal-qeijq-cai,427,0,0
vnbsa-vyaaa-aaaal-qeijq-cai,426,0,0
vnbsa-vyaaa-aaaal-qeijq-cai,425,0,0
vnbsa-vyaaa-aaaal-qeijq-cai,424,0,0
vnbsa-vyaaa-aaaal-qeijq-cai,423,0,0
vnbsa-vyaaa-aaaal-qeijq-cai,422,0,0
vnbsa-vyaaa-aaaal-qeijq-cai,421,0,0
vnbsa-vyaaa-aaaal-qeijq-cai,420,0,0
vnbsa-vyaaa-aaaal-qeijq-cai,419,0,0
vnbsa-vyaaa-aaaal-qeijq-cai,418,0,0
vnbsa-vyaaa-aaaal-qeijq-cai,417,0,0
vnbsa-vyaaa-aaaal-qeijq-cai,416,0,0
vnbsa-vyaaa-aaaal-qeijq-cai,415,0,0
vnbsa-vyaaa-aaaal-qeijq-cai,414,0,0
vnbsa-vyaaa-aaaal-qeijq-cai,413,0,0
vnbsa-vyaaa-aaaal-qeijq-cai,412,0,0
vnbsa-vyaaa-aaaal-qeijq-cai,411,0,0
vnbsa-vyaaa-aaaal-qeijq-cai,410,0,0
vnbsa-vyaaa-aaaal-qeijq-cai,409,0,0
vnbsa-vyaaa-aaaal-qeijq-cai,408,0,0
vnbsa-vyaaa-aaaal-qeijq-cai,407,0,0
vnbsa-vyaaa-aaaal-qeijq-cai,406,0,0
vnbsa-vyaaa-aaaal-qeijq-cai,405,0,0
vnbsa-vyaaa-aaaal-qeijq-cai,404,0,0
vnbsa-vyaaa-aaaal-qeijq-cai,403,0,0
vnbsa-vyaaa-aaaal-qeijq-cai,402,0,0
vnbsa-vyaaa-aaaal-qeijq-cai,401,0,0
vnbsa-vyaaa-aaaal-qeijq-cai,400,0,0
vnbsa-vyaaa-aaaal-qeijq-cai,399,0,0
vnbsa-vyaaa-aaaal-qeijq-cai,398,0,0
vnbsa-vyaaa-aaaal-qeijq-cai,397,0,0
vnbsa-vyaaa-aaaal-qeijq-cai,396,0,0
vnbsa-vyaaa-aaaal-qeijq-cai,395,0,0
vnbsa-vyaaa-aaaal-qeijq-cai,394,0,0
vnbsa-vyaaa-aaaal-qeijq-cai,393,0,0
vnbsa-vyaaa-aaaal-qeijq-cai,392,0,0
vnbsa-vyaaa-aaaal-qeijq-cai,391,0,0
vnbsa-vyaaa-aaaal-qeijq-cai,390,0,0
vnbsa-vyaaa-aaaal-qeijq-cai,389,0,0
vnbsa-vyaaa-aaaal-qeijq-cai,388,0,0
vnbsa-vyaaa-aaaal-qeijq-cai,387,0,0
vnbsa-vyaaa-aaaal-qeijq-cai,386,0,0
vnbsa-vyaaa-aaaal-qeijq-cai,385,0,0
vnbsa-vyaaa-aaaal-qeijq-cai,384,0,0
vnbsa-vyaaa-aaaal-qeijq-cai,383,0,0
vnbsa-vyaaa-aaaal-qeijq-cai,382,0,0
vnbsa-vyaaa-aaaal-qeijq-cai,381,0,0
vnbsa-vyaaa-aaaal-qeijq-cai,380,0,0
vnbsa-vyaaa-aaaal-qeijq-cai,379,0,0
vnbsa-vyaaa-aaaal-qeijq-cai,378,0,0
vnbsa-vyaaa-aaaal-qeijq-cai,377,0,0
vnbsa-vyaaa-aaaal-qeijq-cai,376,0,0
vnbsa-vyaaa-aaaal-qeijq-cai,375,0,0
vnbsa-vyaaa-aaaal-qeijq-cai,374,0,0
vnbsa-vyaaa-aaaal-qeijq-cai,373,0,0
vnbsa-vyaaa-aaaal-qeijq-cai,372,0,0
vnbsa-vyaaa-aaaal-qeijq-cai,371,0,0
vnbsa-vyaaa-aaaal-qeijq-cai,370,0,0
vnbsa-vyaaa-aaaal-qeijq-cai,369,0,0
vnbsa-vyaaa-aaaal-qeijq-cai,368,0,0
vnbsa-vyaaa-aaaal-qeijq-cai,367,0,0
vnbsa-vyaaa-aaaal-qeijq-cai,366,0,0
vnbsa-vyaaa-aaaal-qeijq-cai,365,0,0
vnbsa-vyaaa-aaaal-qeijq-cai,364,0,0
vnbsa-vyaaa-aaaal-qeijq-cai,363,0,0
vnbsa-vyaaa-aaaal-qeijq-cai,362,0,0
vnbsa-vyaaa-aaaal-qeijq-cai,361,0,0
vnbsa-vyaaa-aaaal-qeijq-cai,360,0,0
vnbsa-vyaaa-aaaal-qeijq-cai,359,0,0
vnbsa-vyaaa-aaaal-qeijq-cai,358,0,0
vnbsa-vyaaa-aaaal-qeijq-cai,357,0,0
vnbsa-vyaaa-aaaal-qeijq-cai,356,0,0
vnbsa-vyaaa-aaaal-qeijq-cai,355,0,0
vnbsa-vyaaa-aaaal-qeijq-cai,354,0,0
vnbsa-vyaaa-aaaal-qeijq-cai,353,0,0
vnbsa-vyaaa-aaaal-qeijq-cai,352,0,0
vnbsa-vyaaa-aaaal-qeijq-cai,351,0,0
vnbsa-vyaaa-aaaal-qeijq-cai,350,0,0
vnbsa-vyaaa-aaaal-qeijq-cai,349,0,0
vnbsa-vyaaa-aaaal-qeijq-cai,348,0,0
vnbsa-vyaaa-aaaal-qeijq-cai,347,0,0
vnbsa-vyaaa-aaaal-qeijq-cai,346,0,0
vnbsa-vyaaa-aaaal-qeijq-cai,345,0,0
vnbsa-vyaaa-aaaal-qeijq-cai,344,0,0
vnbsa-vyaaa-aaaal-qeijq-cai,343,0,0
vnbsa-vyaaa-aaaal-qeijq-cai,342,0,0
vnbsa-vyaaa-aaaal-qeijq-cai,341,0,0
vnbsa-vyaaa-aaaal-qeijq-cai,340,0,0
vnbsa-vyaaa-aaaal-qeijq-cai,339,0,0
vnbsa-vyaaa-aaaal-qeijq-cai,338,0,0
vnbsa-vyaaa-aaaal-qeijq-cai,337,0,0
vnbsa-vyaaa-aaaal-qeijq-cai,336,0,0
vnbsa-vyaaa-aaaal-qeijq-cai,335,0,0
vnbsa-vyaaa-aaaal-qeijq-cai,334,0,0
vnbsa-vyaaa-aaaal-qeijq-cai,333,0,0
vnbsa-vyaaa-aaaal-qeijq-cai,332,0,0
vnbsa-vyaaa-aaaal-qeijq-cai,331,0,0
vnbsa-vyaaa-aaaal-qeijq-cai,330,0,0
vnbsa-vyaaa-aaaal-qeijq-cai,329,0,0
vnbsa-vyaaa-aaaal-qeijq-cai,328,0,0
vnbsa-vyaaa-aaaal-qeijq-cai,327,0,0
vnbsa-vyaaa-aaaal-qeijq-cai,326,0,0
vnbsa-vyaaa-aaaal-qeijq-cai,325,0,0
vnbsa-vyaaa-aaaal-qeijq-cai,324,0,0
vnbsa-vyaaa-aaaal-qeijq-cai,323,0,0
vnbsa-vyaaa-aaaal-qeijq-cai,322,0,0
vnbsa-vyaaa-aaaal-qeijq-cai,321,0,0
vnbsa-vyaaa-aaaal-qeijq-cai,320,0,0
vnbsa-vyaaa-aaaal-qeijq-cai,319,0,0
vnbsa-vyaaa-aaaal-qeijq-cai,318,0,0
vnbsa-vyaaa-aaaal-qeijq-cai,317,0,0
vnbsa-vyaaa-aaaal-qeijq-cai,316,0,0
vnbsa-vyaaa-aaaal-qeijq-cai,315,0,0
vnbsa-vyaaa-aaaal-qeijq-cai,314,0,0
vnbsa-vyaaa-aaaal-qeijq-cai,313,0,0
vnbsa-vyaaa-aaaal-qeijq-cai,312,0,0
vnbsa-vyaaa-aaaal-qeijq-cai,311,0,0
vnbsa-vyaaa-aaaal-qeijq-cai,310,0,0
vnbsa-vyaaa-aaaal-qeijq-cai,309,0,0
vnbsa-vyaaa-aaaal-qeijq-cai,308,0,0
vnbsa-vyaaa-aaaal-qeijq-cai,307,0,0
vnbsa-vyaaa-aaaal-qeijq-cai,306,0,0
vnbsa-vyaaa-aaaal-qeijq-cai,305,0,0
vnbsa-vyaaa-aaaal-qeijq-cai,304,0,0
vnbsa-vyaaa-aaaal-qeijq-cai,303,0,0
vnbsa-vyaaa-aaaal-qeijq-cai,302,0,0
vnbsa-vyaaa-aaaal-qeijq-cai,301,0,0
vnbsa-vyaaa-aaaal-qeijq-cai,300,0,0
vnbsa-vyaaa-aaaal-qeijq-cai,299,0,0
vnbsa-vyaaa-aaaal-qeijq-cai,298,0,0
vnbsa-vyaaa-aaaal-qeijq-cai,297,0,0
vnbsa-vyaaa-aaaal-qeijq-cai,296,0,0
vnbsa-vyaaa-aaaal-qeijq-cai,295,0,0
vnbsa-vyaaa-aaaal-qeijq-cai,294,0,0
vnbsa-vyaaa-aaaal-qeijq-cai,293,0,0
vnbsa-vyaaa-aaaal-qeijq-cai,292,0,0
vnbsa-vyaaa-aaaal-qeijq-cai,291,0,0
vnbsa-vyaaa-aaaal-qeijq-cai,290,0,0
vnbsa-vyaaa-aaaal-qeijq-cai,289,0,0
vnbsa-vyaaa-aaaal-qeijq-cai,288,0,0
vnbsa-vyaaa-aaaal-qeijq-cai,287,0,0
vnbsa-vyaaa-aaaal-qeijq-cai,286,0,0
vnbsa-vyaaa-aaaal-qeijq-cai,285,0,0
vnbsa-vyaaa-aaaal-qeijq-cai,284,0,0
vnbsa-vyaaa-aaaal-qeijq-cai,283,0,0
vnbsa-vyaaa-aaaal-qeijq-cai,282,0,0
vnbsa-vyaaa-aaaal-qeijq-cai,281,0,0
vnbsa-vyaaa-aaaal-qeijq-cai,280,0,0
vnbsa-vyaaa-aaaal-qeijq-cai,279,0,0
vnbsa-vyaaa-aaaal-qeijq-cai,278,0,0
vnbsa-vyaaa-aaaal-qeijq-cai,277,0,0
vnbsa-vyaaa-aaaal-qeijq-cai,276,0,0
vnbsa-vyaaa-aaaal-qeijq-cai,275,0,0
vnbsa-vyaaa-aaaal-qeijq-cai,274,0,0
vnbsa-vyaaa-aaaal-qeijq-cai,273,0,0
vnbsa-vyaaa-aaaal-qeijq-cai,272,0,0
vnbsa-vyaaa-aaaal-qeijq-cai,271,0,0
vnbsa-vyaaa-aaaal-qeijq-cai,270,0,0
vnbsa-vyaaa-aaaal-qeijq-cai,269,0,0
vnbsa-vyaaa-aaaal-qeijq-cai,268,0,0
vnbsa-vyaaa-aaaal-qeijq-cai,267,0,0
vnbsa-vyaaa-aaaal-qeijq-cai,266,0,0
vnbsa-vyaaa-aaaal-qeijq-cai,265,0,0
vnbsa-vyaaa-aaaal-qeijq-cai,264,0,0
vnbsa-vyaaa-aaaal-qeijq-cai,263,0,0
vnbsa-vyaaa-aaaal-qeijq-cai,262,0,0
vnbsa-vyaaa-aaaal-qeijq-cai,261,0,0
vnbsa-vyaaa-aaaal-qeijq-cai,260,0,0
vnbsa-vyaaa-aaaal-qeijq-cai,259,0,0
vnbsa-vyaaa-aaaal-qeijq-cai,258,0,0
vnbsa-vyaaa-aaaal-qeijq-cai,257,0,0
vnbsa-vyaaa-aaaal-qeijq-cai,256,0,0
vnbsa-vyaaa-aaaal-qeijq-cai,255,0,0
vnbsa-vyaaa-aaaal-qeijq-cai,254,0,0
vnbsa-vyaaa-aaaal-qeijq-cai,253,0,0
vnbsa-vyaaa-aaaal-qeijq-cai,252,0,0
vnbsa-vyaaa-aaaal-qeijq-cai,251,0,0
vnbsa-vyaaa-aaaal-qeijq-cai,250,0,0
vnbsa-vyaaa-aaaal-qeijq-cai,249,0,0
vnbsa-vyaaa-aaaal-qeijq-cai,248,0,0
vnbsa-vyaaa-aaaal-qeijq-cai,247,0,0
vnbsa-vyaaa-aaaal-qeijq-cai,246,0,0
vnbsa-vyaaa-aaaal-qeijq-cai,245,0,0
vnbsa-vyaaa-aaaal-qeijq-cai,244,0,0
vnbsa-vyaaa-aaaal-qeijq-cai,243,0,0
vnbsa-vyaaa-aaaal-qeijq-cai,242,0,0
vnbsa-vyaaa-aaaal-qeijq-cai,241,0,0
vnbsa-vyaaa-aaaal-qeijq-cai,240,0,0
vnbsa-vyaaa-aaaal-qeijq-cai,239,0,0
vnbsa-vyaaa-aaaal-qeijq-cai,238,0,0
vnbsa-vyaaa-aaaal-qeijq-cai,237,0,0
vnbsa-vyaaa-aaaal-qeijq-cai,236,0,0
vnbsa-vyaaa-aaaal-qeijq-cai,235,0,0
vnbsa-vyaaa-aaaal-qeijq-cai,234,0,0
vnbsa-vyaaa-aaaal-qeijq-cai,233,0,0
vnbsa-vyaaa-aaaal-qeijq-cai,232,0,0
vnbsa-vyaaa-aaaal-qeijq-cai,231,0,0
vnbsa-vyaaa-aaaal-qeijq-cai,230,0,0
vnbsa-vyaaa-aaaal-qeijq-cai,229,0,0
vnbsa-vyaaa-aaaal-qeijq-cai,228,0,0
vnbsa-vyaaa-aaaal-qeijq-cai,227,0,0
vnbsa-vyaaa-aaaal-qeijq-cai,226,0,0
vnbsa-vyaaa-aaaal-qeijq-cai,225,0,0
vnbsa-vyaaa-aaaal-qeijq-cai,224,0,0
vnbsa-vyaaa-aaaal-qeijq-cai,223,0,0
vnbsa-vyaaa-aaaal-qeijq-cai,222,0,0
vnbsa-vyaaa-aaaal-qeijq-cai,221,0,0
vnbsa-vyaaa-aaaal-qeijq-cai,220,0,0
vnbsa-vyaaa-aaaal-qeijq-cai,219,0,0
vnbsa-vyaaa-aaaal-qeijq-cai,218,0,0
vnbsa-vyaaa-aaaal-qeijq-cai,217,0,0
vnbsa-vyaaa-aaaal-qeijq-cai,216,0,0
vnbsa-vyaaa-aaaal-qeijq-cai,215,0,0
vnbsa-vyaaa-aaaal-qeijq-cai,214,0,0
vnbsa-vyaaa-aaaal-qeijq-cai,213,0,0
vnbsa-vyaaa-aaaal-qeijq-cai,212,0,0
vnbsa-vyaaa-aaaal-qeijq-cai,211,0,0
vnbsa-vyaaa-aaaal-qeijq-cai,210,0,0
vnbsa-vyaaa-aaaal-qeijq-cai,209,0,0
vnbsa-vyaaa-aaaal-qeijq-cai,208,0,0
vnbsa-vyaaa-aaaal-qeijq-cai,207,0,0
vnbsa-vyaaa-aaaal-qeijq-cai,206,0,0
vnbsa-vyaaa-aaaal-qeijq-cai,205,0,0
vnbsa-vyaaa-aaaal-qeijq-cai,204,0,0
vnbsa-vyaaa-aaaal-qeijq-cai,203,0,0
vnbsa-vyaaa-aaaal-qeijq-cai,202,0,0
vnbsa-vyaaa-aaaal-qeijq-cai,201,0,0
vnbsa-vyaaa-aaaal-qeijq-cai,200,0,0
vnbsa-vyaaa-aaaal-qeijq-cai,199,0,0
vnbsa-vyaaa-aaaal-qeijq-cai,198,0,0
vnbsa-vyaaa-aaaal-qeijq-cai,197,0,0
vnbsa-vyaaa-aaaal-qeijq-cai,196,0,0
vnbsa-vyaaa-aaaal-qeijq-cai,195,0,0
vnbsa-vyaaa-aaaal-qeijq-cai,194,0,0
vnbsa-vyaaa-aaaal-qeijq-cai,193,0,0
vnbsa-vyaaa-aaaal-qeijq-cai,192,0,0
vnbsa-vyaaa-aaaal-qeijq-cai,191,0,0
vnbsa-vyaaa-aaaal-qeijq-cai,190,0,0
vnbsa-vyaaa-aaaal-qeijq-cai,189,0,0
vnbsa-vyaaa-aaaal-qeijq-cai,188,0,0
vnbsa-vyaaa-aaaal-qeijq-cai,187,0,0
vnbsa-vyaaa-aaaal-qeijq-cai,186,0,0
vnbsa-vyaaa-aaaal-qeijq-cai,185,0,0
vnbsa-vyaaa-aaaal-qeijq-cai,184,0,0
vnbsa-vyaaa-aaaal-qeijq-cai,183,0,0
vnbsa-vyaaa-aaaal-qeijq-cai,182,0,0
vnbsa-vyaaa-aaaal-qeijq-cai,181,0,0
vnbsa-vyaaa-aaaal-qeijq-cai,180,0,0
vnbsa-vyaaa-aaaal-qeijq-cai,179,0,0
vnbsa-vyaaa-aaaal-qeijq-cai,178,0,0
vnbsa-vyaaa-aaaal-qeijq-cai,177,0,0
vnbsa-vyaaa-aaaal-qeijq-cai,176,0,0
vnbsa-vyaaa-aaaal-qeijq-cai,175,0,0
vnbsa-vyaaa-aaaal-qeijq-cai,174,0,0
vnbsa-vyaaa-aaaal-qeijq-cai,173,0,0
vnbsa-vyaaa-aaaal-qeijq-cai,172,0,0
vnbsa-vyaaa-aaaal-qeijq-cai,171,0,0
vnbsa-vyaaa-aaaal-qeijq-cai,170,0,0
vnbsa-vyaaa-aaaal-qeijq-cai,169,0,0
vnbsa-vyaaa-aaaal-qeijq-cai,168,0,0
vnbsa-vyaaa-aaaal-qeijq-cai,167,0,0
vnbsa-vyaaa-aaaal-qeijq-cai,166,0,0
vnbsa-vyaaa-aaaal-qeijq-cai,165,0,0
vnbsa-vyaaa-aaaal-qeijq-cai,164,0,0
vnbsa-vyaaa-aaaal-qeijq-cai,163,0,0
vnbsa-vyaaa-aaaal-qeijq-cai,162,0,0
vnbsa-vyaaa-aaaal-qeijq-cai,161,0,0
vnbsa-vyaaa-aaaal-qeijq-cai,160,0,0
vnbsa-vyaaa-aaaal-qeijq-cai,159,0,0
vnbsa-vyaaa-aaaal-qeijq-cai,158,0,0
vnbsa-vyaaa-aaaal-qeijq-cai,157,0,0
vnbsa-vyaaa-aaaal-qeijq-cai,156,0,0
vnbsa-vyaaa-aaaal-qeijq-cai,155,0,0
vnbsa-vyaaa-aaaal-qeijq-cai,154,0,0
vnbsa-vyaaa-aaaal-qeijq-cai,153,0,0
vnbsa-vyaaa-aaaal-qeijq-cai,152,0,0
vnbsa-vyaaa-aaaal-qeijq-cai,151,0,0
vnbsa-vyaaa-aaaal-qeijq-cai,150,0,0
vnbsa-vyaaa-aaaal-qeijq-cai,149,0,0
vnbsa-vyaaa-aaaal-qeijq-cai,148,0,0
vnbsa-vyaaa-aaaal-qeijq-cai,147,0,0
vnbsa-vyaaa-aaaal-qeijq-cai,146,0,0
vnbsa-vyaaa-aaaal-qeijq-cai,145,0,0
vnbsa-vyaaa-aaaal-qeijq-cai,144,0,0
vnbsa-vyaaa-aaaal-qeijq-cai,143,0,0
vnbsa-vyaaa-aaaal-qeijq-cai,142,0,0
vnbsa-vyaaa-aaaal-qeijq-cai,141,0,0
vnbsa-vyaaa-aaaal-qeijq-cai,140,0,0
vnbsa-vyaaa-aaaal-qeijq-cai,139,0,0
vnbsa-vyaaa-aaaal-qeijq-cai,138,0,0
vnbsa-vyaaa-aaaal-qeijq-cai,137,0,0
vnbsa-vyaaa-aaaal-qeijq-cai,136,0,0
vnbsa-vyaaa-aaaal-qeijq-cai,135,0,0
vnbsa-vyaaa-aaaal-qeijq-cai,134,0,0
vnbsa-vyaaa-aaaal-qeijq-cai,133,0,0
vnbsa-vyaaa-aaaal-qeijq-cai,132,0,0
vnbsa-vyaaa-aaaal-qeijq-cai,131,0,0
vnbsa-vyaaa-aaaal-qeijq-cai,130,0,0
vnbsa-vyaaa-aaaal-qeijq-cai,129,0,0
vnbsa-vyaaa-aaaal-qeijq-cai,128,0,0
vnbsa-vyaaa-aaaal-qeijq-cai,127,0,0
vnbsa-vyaaa-aaaal-qeijq-cai,126,0,0
vnbsa-vyaaa-aaaal-qeijq-cai,125,0,0
vnbsa-vyaaa-aaaal-qeijq-cai,124,0,0
vnbsa-vyaaa-aaaal-qeijq-cai,123,0,0
vnbsa-vyaaa-aaaal-qeijq-cai,122,0,0
vnbsa-vyaaa-aaaal-qeijq-cai,121,0,0
vnbsa-vyaaa-aaaal-qeijq-cai,120,0,0
vnbsa-vyaaa-aaaal-qeijq-cai,119,0,0
vnbsa-vyaaa-aaaal-qeijq-cai,118,0,0
vnbsa-vyaaa-aaaal-qeijq-cai,117,0,0
vnbsa-vyaaa-aaaal-qeijq-cai,116,0,0
vnbsa-vyaaa-aaaal-qeijq-cai,115,0,0
vnbsa-vyaaa-aaaal-qeijq-cai,114,0,0
vnbsa-vyaaa-aaaal-qeijq-cai,113,0,0
vnbsa-vyaaa-aaaal-qeijq-cai,112,0,0
vnbsa-vyaaa-aaaal-qeijq-cai,111,0,0
vnbsa-vyaaa-aaaal-qeijq-cai,110,0,0
vnbsa-vyaaa-aaaal-qeijq-cai,109,0,0
vnbsa-vyaaa-aaaal-qeijq-cai,108,0,0
vnbsa-vyaaa-aaaal-qeijq-cai,107,0,0
vnbsa-vyaaa-aaaal-qeijq-cai,106,0,0
vnbsa-vyaaa-aaaal-qeijq-cai,105,0,0
vnbsa-vyaaa-aaaal-qeijq-cai,104,0,0
vnbsa-vyaaa-aaaal-qeijq-cai,103,0,0
vnbsa-vyaaa-aaaal-qeijq-cai,102,0,0
vnbsa-vyaaa-aaaal-qeijq-cai,101,0,0
vnbsa-vyaaa-aaaal-qeijq-cai,100,0,0
vnbsa-vyaaa-aaaal-qeijq-cai,99,0,0
vnbsa-vyaaa-aaaal-qeijq-cai,98,0,0
vnbsa-vyaaa-aaaal-qeijq-cai,97,0,0
vnbsa-vyaaa-aaaal-qeijq-cai,96,0,0
vnbsa-vyaaa-aaaal-qeijq-cai,95,0,0
vnbsa-vyaaa-aaaal-qeijq-cai,94,0,0
vnbsa-vyaaa-aaaal-qeijq-cai,93,0,0
vnbsa-vyaaa-aaaal-qeijq-cai,92,0,0
vnbsa-vyaaa-aaaal-qeijq-cai,91,0,0
vnbsa-vyaaa-aaaal-qeijq-cai,90,0,0
vnbsa-vyaaa-aaaal-qeijq-cai,89,0,0
vnbsa-vyaaa-aaaal-qeijq-cai,88,0,0
vnbsa-vyaaa-aaaal-qeijq-cai,87,0,0
vnbsa-vyaaa-aaaal-qeijq-cai,86,0,0
vnbsa-vyaaa-aaaal-qeijq-cai,85,0,0
vnbsa-vyaaa-aaaal-qeijq-cai,84,0,0
vnbsa-vyaaa-aaaal-qeijq-cai,83,0,0
vnbsa-vyaaa-aaaal-qeijq-cai,82,0,0
vnbsa-vyaaa-aaaal-qeijq-cai,81,0,0
vnbsa-vyaaa-aaaal-qeijq-cai,80,0,0
vnbsa-vyaaa-aaaal-qeijq-cai,79,0,0
vnbsa-vyaaa-aaaal-qeijq-cai,78,0,0
vnbsa-vyaaa-aaaal-qeijq-cai,77,0,0
vnbsa-vyaaa-aaaal-qeijq-cai,76,0,0
vnbsa-vyaaa-aaaal-qeijq-cai,75,0,0
vnbsa-vyaaa-aaaal-qeijq-cai,74,0,0
vnbsa-vyaaa-aaaal-qeijq-cai,73,0,0
vnbsa-vyaaa-aaaal-qeijq-cai,72,0,0
vnbsa-vyaaa-aaaal-qeijq-cai,71,0,0
vnbsa-vyaaa-aaaal-qeijq-cai,70,0,0
vnbsa-vyaaa-aaaal-qeijq-cai,69,0,0
vnbsa-vyaaa-aaaal-qeijq-cai,68,0,0
vnbsa-vyaaa-aaaal-qeijq-cai,67,0,0
vnbsa-vyaaa-aaaal-qeijq-cai,66,0,0
vnbsa-vyaaa-aaaal-qeijq-cai,65,0,0
vnbsa-vyaaa-aaaal-qeijq-cai,64,0,0
vnbsa-vyaaa-aaaal-qeijq-cai,63,0,0
vnbsa-vyaaa-aaaal-qeijq-cai,62,0,0
vnbsa-vyaaa-aaaal-qeijq-cai,61,0,0
vnbsa-vyaaa-aaaal-qeijq-cai,60,0,0
vnbsa-vyaaa-aaaal-q